-- phpMyAdmin SQL Dump
-- version 4.0.10.18
-- https://www.phpmyadmin.net
--
-- Host: localhost:3306
-- Generation Time: Jul 07, 2018 at 03:46 PM
-- Server version: 5.6.39-cll-lve
-- PHP Version: 5.6.30

SET SQL_MODE = "NO_AUTO_VALUE_ON_ZERO";
SET time_zone = "+00:00";


/*!40101 SET @OLD_CHARACTER_SET_CLIENT=@@CHARACTER_SET_CLIENT */;
/*!40101 SET @OLD_CHARACTER_SET_RESULTS=@@CHARACTER_SET_RESULTS */;
/*!40101 SET @OLD_COLLATION_CONNECTION=@@COLLATION_CONNECTION */;
/*!40101 SET NAMES utf8 */;

--
-- Database: `dg_api`
--

-- --------------------------------------------------------

--
-- Table structure for table `agent_credits`
--

CREATE TABLE IF NOT EXISTS `agent_credits` (
  `id` int(10) unsigned NOT NULL AUTO_INCREMENT,
  `user_id` int(10) unsigned NOT NULL,
  `credit_id` int(10) unsigned NOT NULL,
  `created_at` timestamp NULL DEFAULT NULL,
  `updated_at` timestamp NULL DEFAULT NULL,
  PRIMARY KEY (`id`),
  KEY `agent_credits_user_id_foreign` (`user_id`),
  KEY `agent_credits_credit_id_foreign` (`credit_id`)
) ENGINE=MyISAM DEFAULT CHARSET=utf8mb4 COLLATE=utf8mb4_unicode_ci AUTO_INCREMENT=1 ;

-- --------------------------------------------------------

--
-- Table structure for table `banner_sliders`
--

CREATE TABLE IF NOT EXISTS `banner_sliders` (
  `id` int(10) unsigned NOT NULL AUTO_INCREMENT,
  `title` text COLLATE utf8mb4_unicode_ci,
  `banner_image` text COLLATE utf8mb4_unicode_ci,
  `created_at` timestamp NULL DEFAULT NULL,
  `updated_at` timestamp NULL DEFAULT NULL,
  PRIMARY KEY (`id`)
) ENGINE=InnoDB  DEFAULT CHARSET=utf8mb4 COLLATE=utf8mb4_unicode_ci AUTO_INCREMENT=8 ;

--
-- Dumping data for table `banner_sliders`
--

INSERT INTO `banner_sliders` (`id`, `title`, `banner_image`, `created_at`, `updated_at`) VALUES
(1, 'sfsdf', '/f92fc09490853b91f1feaa3bfca0d672.jpg', '2018-06-29 00:50:59', '2018-07-06 11:44:53'),
(2, '1', '/c6d19ca0867dec09be2e54d239ef97b8.jpg', '2018-06-29 00:58:34', '2018-06-29 00:58:34'),
(3, '2', '/2e2c933a56903f2f1a1ad17e15d342b5.jpg', '2018-06-29 00:58:49', '2018-06-29 00:58:49'),
(4, '3', '/a4137622b807acec881e2f4dcedc80b8.jpg', '2018-06-29 00:59:17', '2018-06-29 00:59:17'),
(5, '4', '/c1d6ef528cec88de84d1cb67bcbf8981.jpg', '2018-06-29 00:59:26', '2018-06-29 00:59:26'),
(6, '5', '/d066d1e1cd8b7184d78c096825f9b274.jpg', '2018-06-29 00:59:37', '2018-06-29 00:59:37'),
(7, '6', '/552eb8788227c11c56b7ffdf9f9983af.jpg', '2018-06-29 01:00:05', '2018-06-29 01:00:05');

-- --------------------------------------------------------

--
-- Table structure for table `credits`
--

CREATE TABLE IF NOT EXISTS `credits` (
  `id` int(10) unsigned NOT NULL AUTO_INCREMENT,
  `name` varchar(191) COLLATE utf8mb4_unicode_ci NOT NULL,
  `created_at` timestamp NULL DEFAULT NULL,
  `updated_at` timestamp NULL DEFAULT NULL,
  PRIMARY KEY (`id`),
  UNIQUE KEY `credits_name_unique` (`name`)
) ENGINE=MyISAM DEFAULT CHARSET=utf8mb4 COLLATE=utf8mb4_unicode_ci AUTO_INCREMENT=1 ;

-- --------------------------------------------------------

--
-- Table structure for table `credit_transactions`
--

CREATE TABLE IF NOT EXISTS `credit_transactions` (
  `id` int(10) unsigned NOT NULL AUTO_INCREMENT,
  `transaction_id` varchar(255) COLLATE utf8mb4_unicode_ci NOT NULL,
  `ticket_purchase_id` varchar(255) COLLATE utf8mb4_unicode_ci NOT NULL DEFAULT '0',
  `agent_id` int(10) unsigned NOT NULL,
  `customer_id` int(10) unsigned NOT NULL DEFAULT '0',
  `transaction_type` varchar(191) COLLATE utf8mb4_unicode_ci DEFAULT NULL,
  `credits` int(11) NOT NULL,
  `created_at` timestamp NULL DEFAULT NULL,
  `updated_at` timestamp NULL DEFAULT NULL,
  PRIMARY KEY (`id`)
) ENGINE=MyISAM  DEFAULT CHARSET=utf8mb4 COLLATE=utf8mb4_unicode_ci AUTO_INCREMENT=33 ;

--
-- Dumping data for table `credit_transactions`
--

INSERT INTO `credit_transactions` (`id`, `transaction_id`, `ticket_purchase_id`, `agent_id`, `customer_id`, `transaction_type`, `credits`, `created_at`, `updated_at`) VALUES
(16, '20180703133169', '19', 9, 8, 'ticket_purchase', 10, '2018-07-03 21:35:01', '2018-07-03 21:35:01'),
(15, '2018070359289', '17', 9, 8, 'ticket_purchase', 1, '2018-07-03 21:33:08', '2018-07-03 21:33:08'),
(14, '20180703942718', '14', 18, 17, 'ticket_purchase', 10, '2018-07-03 14:19:09', '2018-07-03 14:19:09'),
(13, '20180702174126', '0', 1, 0, 'added', 596589, '2018-07-03 00:41:26', '2018-07-03 00:41:26'),
(12, '20180702174105', '0', 1, 0, 'added', 12, '2018-07-03 00:41:05', '2018-07-03 00:41:05'),
(11, '20180702173812', '0', 1, 0, 'added', 58965, '2018-07-03 00:38:12', '2018-07-03 00:38:12'),
(10, '20180702173805', '0', 1, 0, 'added', 150, '2018-07-03 00:38:05', '2018-07-03 00:38:05'),
(17, '20180703334018', '15', 18, 17, 'ticket_purchase', 150, '2018-07-04 00:04:52', '2018-07-04 00:04:52'),
(18, '2018070491225', '21', 25, 24, 'ticket_purchase', 500, '2018-07-04 15:54:17', '2018-07-04 15:54:17'),
(19, '20180704964325', '22', 25, 24, 'ticket_purchase', 20, '2018-07-04 17:47:53', '2018-07-04 17:47:53'),
(20, '20180705949422', '25', 22, 23, 'ticket_purchase', 20, '2018-07-05 12:19:49', '2018-07-05 12:19:49'),
(21, '201807051093822', '26', 22, 23, 'ticket_purchase', 30, '2018-07-05 13:16:21', '2018-07-05 13:16:21'),
(22, '201807051087322', '28', 22, 23, 'ticket_purchase', 50, '2018-07-05 13:21:04', '2018-07-05 13:21:04'),
(23, '20180705475322', '29', 22, 23, 'ticket_purchase', 20, '2018-07-05 13:24:49', '2018-07-05 13:24:49'),
(24, '201807051297222', '30', 22, 23, 'ticket_purchase', 20, '2018-07-05 13:29:56', '2018-07-05 13:29:56'),
(25, '20180705800222', '31', 22, 23, 'ticket_purchase', 20, '2018-07-05 13:31:43', '2018-07-05 13:31:43'),
(26, '20180705393622', '32', 22, 23, 'ticket_purchase', 20, '2018-07-05 13:34:13', '2018-07-05 13:34:13'),
(27, '201807051076822', '33', 22, 23, 'ticket_purchase', 20, '2018-07-05 13:39:18', '2018-07-05 13:39:18'),
(28, '201807051090622', '34', 22, 23, 'ticket_purchase', 20, '2018-07-05 13:40:27', '2018-07-05 13:40:27'),
(29, '20180705299422', '35', 22, 23, 'ticket_purchase', 20, '2018-07-05 13:43:59', '2018-07-05 13:43:59'),
(30, '20180705205828', '36', 28, 27, 'ticket_purchase', 10, '2018-07-05 15:19:31', '2018-07-05 15:19:31'),
(31, '20180706043635', '0', 28, 0, 'added', 200, '2018-07-06 11:36:35', '2018-07-06 11:36:35'),
(32, '201807061404528', '38', 28, 27, 'ticket_purchase', 30, '2018-07-06 11:37:57', '2018-07-06 11:37:57');

-- --------------------------------------------------------

--
-- Table structure for table `credit_types`
--

CREATE TABLE IF NOT EXISTS `credit_types` (
  `id` int(10) unsigned NOT NULL AUTO_INCREMENT,
  `name` varchar(191) COLLATE utf8mb4_unicode_ci DEFAULT NULL,
  `status` varchar(191) COLLATE utf8mb4_unicode_ci NOT NULL DEFAULT 'a',
  `created_at` timestamp NULL DEFAULT NULL,
  `updated_at` timestamp NULL DEFAULT NULL,
  PRIMARY KEY (`id`)
) ENGINE=MyISAM  DEFAULT CHARSET=utf8mb4 COLLATE=utf8mb4_unicode_ci AUTO_INCREMENT=10 ;

--
-- Dumping data for table `credit_types`
--

INSERT INTO `credit_types` (`id`, `name`, `status`, `created_at`, `updated_at`) VALUES
(6, 'Gold', 'A', '2018-07-04 16:15:28', '2018-07-04 16:15:28'),
(5, 'Silver', 'A', '2018-07-04 16:15:20', '2018-07-04 16:15:20'),
(4, 'Bronze', 'A', '2018-07-04 16:15:07', '2018-07-04 16:15:07'),
(7, 'Platinuum', 'A', '2018-07-04 16:15:41', '2018-07-04 16:15:41'),
(8, 'Diamond', 'A', '2018-07-04 16:15:56', '2018-07-04 16:15:56'),
(9, 'All in One', 'A', '2018-07-05 15:47:09', '2018-07-05 15:47:09');

-- --------------------------------------------------------

--
-- Table structure for table `forgot_password_request`
--

CREATE TABLE IF NOT EXISTS `forgot_password_request` (
  `id` int(10) unsigned NOT NULL AUTO_INCREMENT,
  `mobile` varchar(255) COLLATE utf8mb4_unicode_ci NOT NULL,
  `otp` varchar(191) COLLATE utf8mb4_unicode_ci NOT NULL DEFAULT 'test',
  `created_at` timestamp NULL DEFAULT NULL,
  `updated_at` timestamp NULL DEFAULT NULL,
  PRIMARY KEY (`id`)
) ENGINE=MyISAM  DEFAULT CHARSET=utf8mb4 COLLATE=utf8mb4_unicode_ci AUTO_INCREMENT=17 ;

--
-- Dumping data for table `forgot_password_request`
--

INSERT INTO `forgot_password_request` (`id`, `mobile`, `otp`, `created_at`, `updated_at`) VALUES
(2, '2', 'test', '2018-07-02 16:49:51', '2018-07-02 16:49:51'),
(3, '9998905474', 'test', '2018-07-03 15:01:25', '2018-07-03 15:01:25'),
(10, '9409557691', 'test', '2018-07-03 16:26:13', '2018-07-03 16:26:13'),
(11, '9409557693', 'test', '2018-07-03 17:45:54', '2018-07-03 17:45:54'),
(16, '7016126076', 'test', '2018-07-06 11:06:11', '2018-07-06 11:06:11'),
(15, '9033406275', 'test', '2018-07-06 11:03:42', '2018-07-06 11:03:42');

-- --------------------------------------------------------

--
-- Table structure for table `migrations`
--

CREATE TABLE IF NOT EXISTS `migrations` (
  `id` int(10) unsigned NOT NULL AUTO_INCREMENT,
  `migration` varchar(191) COLLATE utf8mb4_unicode_ci NOT NULL,
  `batch` int(11) NOT NULL,
  PRIMARY KEY (`id`)
) ENGINE=MyISAM  DEFAULT CHARSET=utf8mb4 COLLATE=utf8mb4_unicode_ci AUTO_INCREMENT=27 ;

--
-- Dumping data for table `migrations`
--

INSERT INTO `migrations` (`id`, `migration`, `batch`) VALUES
(1, '2014_10_12_000000_create_users_table', 1),
(2, '2014_10_12_100000_create_password_resets_table', 1),
(3, '2016_06_01_000001_create_oauth_auth_codes_table', 1),
(4, '2016_06_01_000002_create_oauth_access_tokens_table', 1),
(5, '2016_06_01_000003_create_oauth_refresh_tokens_table', 1),
(6, '2016_06_01_000004_create_oauth_clients_table', 1),
(7, '2016_06_01_000005_create_oauth_personal_access_clients_table', 1),
(8, '2018_05_26_082718_add_referral_to_users', 1),
(9, '2018_05_26_145026_create_user_referral', 1),
(10, '2018_05_27_074511_create_ticket_purchase', 1),
(11, '2018_05_27_074901_create_user_profile', 1),
(12, '2018_05_27_110314_create_credits', 1),
(13, '2018_05_27_110442_create_agent_credits', 1),
(14, '2018_05_27_123951_add_nullable_to_mobile_User', 1),
(15, '2018_06_03_110946_create_promo_code_table', 1),
(16, '2018_06_03_114838_create_credit_types', 1),
(17, '2018_06_03_124951_create_tickets_table', 1),
(18, '2018_06_04_190346_add_status_to_users', 1),
(19, '2018_06_04_194703_add_enrolled_number_to_ticket_purchased', 1),
(20, '2018_06_11_164217_create_credit_transaction', 1),
(21, '2015_08_04_131614_create_settings_table', 2),
(22, '2018_06_25_162444_add_description_to_tickets', 3),
(23, '2018_06_26_001857_add_credits_to_user', 3),
(25, '2018_06_26_205839_add_credit_count_to_ticket', 4),
(26, '2018_06_29_173204_create_forgot_password_request', 5);

-- --------------------------------------------------------

--
-- Table structure for table `oauth_access_tokens`
--

CREATE TABLE IF NOT EXISTS `oauth_access_tokens` (
  `id` varchar(100) COLLATE utf8mb4_unicode_ci NOT NULL,
  `user_id` int(11) DEFAULT NULL,
  `client_id` int(11) NOT NULL,
  `name` varchar(191) COLLATE utf8mb4_unicode_ci DEFAULT NULL,
  `scopes` text COLLATE utf8mb4_unicode_ci,
  `revoked` tinyint(1) NOT NULL,
  `created_at` timestamp NULL DEFAULT NULL,
  `updated_at` timestamp NULL DEFAULT NULL,
  `expires_at` datetime DEFAULT NULL,
  PRIMARY KEY (`id`),
  KEY `oauth_access_tokens_user_id_index` (`user_id`)
) ENGINE=MyISAM DEFAULT CHARSET=utf8mb4 COLLATE=utf8mb4_unicode_ci;

--
-- Dumping data for table `oauth_access_tokens`
--

INSERT INTO `oauth_access_tokens` (`id`, `user_id`, `client_id`, `name`, `scopes`, `revoked`, `created_at`, `updated_at`, `expires_at`) VALUES
('aad99894f4349d88be598db245d50d6bdc3bc64c92420b8b054c781b536757e07879fcd30bc20b43', 3, 1, 'MyApp', '[]', 0, '2018-06-24 01:30:26', '2018-06-24 01:30:26', '2019-06-23 18:30:26'),
('0f2ad57b6351c8a893edb735cab4018aba6d69309d2fe73dc823f3c2cf825b162d998b3b3506879e', 4, 1, 'MyApp', '[]', 0, '2018-06-24 13:23:45', '2018-06-24 13:23:45', '2019-06-24 06:23:45'),
('e554e34dcf163dada742564c7fc087f269c4fb64f3f6e2240e1838f814447a72380372aaf5b9bd09', 5, 1, 'MyApp', '[]', 0, '2018-06-24 13:25:20', '2018-06-24 13:25:20', '2019-06-24 06:25:20'),
('045f87dd594e78d6b221b9b9b1e760d5fa07fdb0acda0eed6c1175e4b549d7b2dc13c8abd9093eb4', 6, 1, 'MyApp', '[]', 0, '2018-06-24 13:26:13', '2018-06-24 13:26:13', '2019-06-24 06:26:13'),
('705999a70b3452ca65f1f17214d19d77010d4d8ccd3238a96f0fa8628f942bbfe0e82b29e3a6a519', 5, 1, 'MyApp', '[]', 0, '2018-06-24 13:27:26', '2018-06-24 13:27:26', '2019-06-24 06:27:26'),
('d77b64f491701183e876bdbda111e4728358ae20fa0f62b5d61e3dcfb2014943dce9146161a3379f', 6, 1, 'MyApp', '[]', 0, '2018-06-24 13:27:57', '2018-06-24 13:27:57', '2019-06-24 06:27:57'),
('46c53daef401a6b4ea3ec560718407d5691ed3ad3cec3bea5396e2b1cc0c9428bb9c6a4abf0d4d53', 5, 1, 'MyApp', '[]', 0, '2018-06-24 13:43:14', '2018-06-24 13:43:14', '2019-06-24 06:43:14'),
('c36147560c439d6fc528d7e3dde83ba3ebfa12c03b67280d322f5ef3dfdbca2a08da2e499003f556', 5, 1, 'MyApp', '[]', 0, '2018-06-24 13:43:14', '2018-06-24 13:43:14', '2019-06-24 06:43:14'),
('dd522ba758b7ddee2754b9a0b1af8f0daff98cdedac6db4d2dae306f2ac31c0114fce093118780a2', 5, 1, 'MyApp', '[]', 0, '2018-06-24 13:43:14', '2018-06-24 13:43:14', '2019-06-24 06:43:14'),
('af7a96e432c72cddadce432eae64d61d5180c9f8e453488b39000df1b566a034696c2bc89ad7f42a', 2, 1, 'MyApp', '[]', 0, '2018-06-24 13:49:19', '2018-06-24 13:49:19', '2019-06-24 06:49:19'),
('0f4f49150a8e09da3a4334f9beba2b041ea643a5c60b9e66b942e00d87322540cad165ae8b46b47b', 2, 3, 'MyApp', '[]', 0, '2018-06-24 14:00:38', '2018-06-24 14:00:38', '2019-06-24 07:00:38'),
('b4ea7c1126120107032890902ae418a7e465b45e549243736105028d7575d43f2215376ed47e322b', 5, 3, 'MyApp', '[]', 0, '2018-06-25 12:51:43', '2018-06-25 12:51:43', '2019-06-25 05:51:43'),
('678e5be661da92ba3cf484686bcd4e33ecceba13ceb93aac97ea3835e011457953f75e5b0fb4aa02', 6, 3, 'MyApp', '[]', 0, '2018-06-25 12:52:15', '2018-06-25 12:52:15', '2019-06-25 05:52:15'),
('b9341c4e15072cd3d53d6fb5a94bccba0bd2414d7e0fc1515a2b868f1fe67d07fe06f199536dd7db', 5, 3, 'MyApp', '[]', 0, '2018-06-25 12:53:13', '2018-06-25 12:53:13', '2019-06-25 05:53:13'),
('d9c397e412be607d55b57d260bcd72b2a23ad0fa69c97674b0e7791431410436ae5123f9d63f0ecf', 5, 3, 'MyApp', '[]', 0, '2018-06-25 13:03:29', '2018-06-25 13:03:29', '2019-06-25 06:03:29'),
('74bbab618b026d71633bfe029e5d63da4f892e0f5520cf1766e616ef73ef41816a8c0994982edafc', 2, 3, 'MyApp', '[]', 0, '2018-06-25 23:18:33', '2018-06-25 23:18:33', '2019-06-25 16:18:33'),
('6795d780e08b5145fb5b5eb0c45d1c2fb74ef7c4b9ec4c5825b97b42a9e098fc559d0d312279271c', 2, 3, 'MyApp', '[]', 0, '2018-06-26 11:30:21', '2018-06-26 11:30:21', '2019-06-26 04:30:21'),
('1c7dcc9dbf3c2c516a307ec347a4fa1449e393bc8353a25ac12f5d305b3c35b846e86801f7b533f5', 5, 3, 'MyApp', '[]', 0, '2018-06-26 12:15:43', '2018-06-26 12:15:43', '2019-06-26 05:15:43'),
('c51477196fed6d9b9334c273524e78f607aec463e50766a77ade4ce667efc1ec4db6b797fbfe7356', 6, 3, 'MyApp', '[]', 0, '2018-06-26 12:17:53', '2018-06-26 12:17:53', '2019-06-26 05:17:53'),
('2376cd56d4111c2d7f261cd39f40bf099ff2b2c8e04d9435a796c9a8dbdf9ca5540e54a621b2e6fd', 5, 3, 'MyApp', '[]', 0, '2018-06-26 12:19:58', '2018-06-26 12:19:58', '2019-06-26 05:19:58'),
('cd25e6d258dad0ed4a384da6f15c65025e30abe65a9a3833ab5a32d87bd691a8cb63a29d1f0f58af', 6, 3, 'MyApp', '[]', 0, '2018-06-26 12:21:13', '2018-06-26 12:21:13', '2019-06-26 05:21:13'),
('bb29930b8c5342eb3b0a012eb69e97845b9fdba4dc4b701584b7c76c59c1236f5d19cb7096486028', 5, 3, 'MyApp', '[]', 0, '2018-06-26 12:25:02', '2018-06-26 12:25:02', '2019-06-26 05:25:02'),
('a45be8a5dcc6057fb79180f91b83dde30bd11775e1bb59b05595a3fa7bbd357338b78b41afc4de42', 6, 3, 'MyApp', '[]', 0, '2018-06-26 12:26:22', '2018-06-26 12:26:22', '2019-06-26 05:26:22'),
('6e27fefc5ad86add604e48c05ccaf1515670fdbfb00708b3e8ad859f54efc07c2c001e980cf6657e', 2, 3, 'MyApp', '[]', 0, '2018-06-26 13:36:08', '2018-06-26 13:36:08', '2019-06-26 06:36:08'),
('b2b21d6279840e919705c3a951a1d094e676c4af747d8c65bff6fa2fad067203f92bf28e58222535', 6, 3, 'MyApp', '[]', 0, '2018-06-26 13:59:16', '2018-06-26 13:59:16', '2019-06-26 06:59:16'),
('1bb670ba279a4f093faf65af4bbde4833d949f8eccc5b6a8ea3c7aee6a8c3ba058ac029c4905943c', 5, 3, 'MyApp', '[]', 0, '2018-06-26 15:10:07', '2018-06-26 15:10:07', '2019-06-26 08:10:07'),
('92143c59a404024cd196cae9643f224c21ca6fa3d28c7cd00fff55230d991bb359610efffd2eb010', 6, 3, 'MyApp', '[]', 0, '2018-06-26 15:10:49', '2018-06-26 15:10:49', '2019-06-26 08:10:49'),
('954d9bcc30c9678c26040df151e46587a0bf672550d35a733986de6d499c4353cc2e91d9ec917151', 6, 3, 'MyApp', '[]', 0, '2018-06-26 15:18:13', '2018-06-26 15:18:13', '2019-06-26 08:18:13'),
('1f3e220860972079a4197f381f3cb45e1754107e5955da196755ec7b58999df171bd1aed87b09334', 6, 3, 'MyApp', '[]', 0, '2018-06-26 15:19:01', '2018-06-26 15:19:01', '2019-06-26 08:19:01'),
('c6f8a7b00ccb062dc86521cfd9c1d0d0d136da76debd9b29d815fc4af9bd4d1f89c1fdbd384d057d', 5, 3, 'MyApp', '[]', 0, '2018-06-26 15:19:26', '2018-06-26 15:19:26', '2019-06-26 08:19:26'),
('35ba9543a10b2e8083a241cd77a12e4fbdbca8bc3dfe9330c703ac429f64308b57e4fa464c90f5e5', 6, 3, 'MyApp', '[]', 0, '2018-06-26 15:20:03', '2018-06-26 15:20:03', '2019-06-26 08:20:03'),
('f5fed2cea1184eae142c444d510e2e55b95b41b43c4bcf98cce419b9a2fef193e88d7abdce3fed19', 5, 3, 'MyApp', '[]', 0, '2018-06-26 15:29:30', '2018-06-26 15:29:30', '2019-06-26 08:29:30'),
('7526daf933aeb67a3d5c7f7ac0e23a5a203c1af5bf4a5221fa21699fa50c275ded5fef536803b8f8', 6, 3, 'MyApp', '[]', 0, '2018-06-26 15:31:10', '2018-06-26 15:31:10', '2019-06-26 08:31:10'),
('1ffede57f6a4da222a04d8f87c9c06179a3542c6be72304fa9b546d64b830957fb6017a1010b0861', 2, 3, 'MyApp', '[]', 0, '2018-06-27 01:59:45', '2018-06-27 01:59:45', '2019-06-26 18:59:45'),
('7b57e72425c49c69d2df6c17fc1783f258770e8a7fe397dd6c082848d36faa752a73d204d1971879', 7, 3, 'MyApp', '[]', 0, '2018-06-27 03:46:29', '2018-06-27 03:46:29', '2019-06-26 20:46:29'),
('d83eb363858bd61806520b725f44d13e303c23b6f3be08cd2ca9560f96a8a160ba2a4a07a6632f20', 5, 3, 'MyApp', '[]', 0, '2018-06-27 12:12:16', '2018-06-27 12:12:16', '2019-06-27 05:12:16'),
('d11672eaf9e83e7b4a5af76703b62feeaaebc1dee7230a5f994652a98b380a68571caa91ac6aa182', 5, 3, 'MyApp', '[]', 0, '2018-06-27 12:36:17', '2018-06-27 12:36:17', '2019-06-27 05:36:17'),
('8975807e25e567716f89440c390579d00544fbaaee5b2da8ad5859723bdf33e40eba09abe882f56d', 2, 3, 'MyApp', '[]', 0, '2018-06-27 16:54:23', '2018-06-27 16:54:23', '2019-06-27 09:54:23'),
('fe518b119b8033e51d43e1c750c927ee8b7f4a6218451def503776ad10d300c302b502fa6192040f', 5, 3, 'MyApp', '[]', 0, '2018-06-27 17:41:20', '2018-06-27 17:41:20', '2019-06-27 10:41:20'),
('632d155778a161e533b0a4c7b93347d8f507593ba6b90e137dcecb45ba87c4b98fb7686976f45056', 7, 3, 'MyApp', '[]', 0, '2018-06-28 02:16:51', '2018-06-28 02:16:51', '2019-06-27 19:16:51'),
('654bd12372cebe58f3d50e0318fb98d526427151d48d7c121993e62a310b72df55cd9e7bfa219038', 2, 3, 'MyApp', '[]', 0, '2018-06-28 02:25:48', '2018-06-28 02:25:48', '2019-06-27 19:25:48'),
('00ad53f677205e755e79b4f50c235d88e410cf505872a07e161d375ebeb21827b9cad88b2c07eeb2', 5, 3, 'MyApp', '[]', 0, '2018-06-28 15:50:11', '2018-06-28 15:50:11', '2019-06-28 08:50:11'),
('820ea88987b22d2faa7ec797bc506d529eb036601d4bfa4366f7d3561b30fa6ee9df9f13d48b808e', 2, 3, 'MyApp', '[]', 0, '2018-06-28 17:13:23', '2018-06-28 17:13:23', '2019-06-28 10:13:23'),
('5b8a41fbc9b744e3751c56f250687e4021b94967d0fd5d9d11e4ca023e608947693d9b8974e03ccc', 2, 3, 'MyApp', '[]', 0, '2018-06-28 17:13:41', '2018-06-28 17:13:41', '2019-06-28 10:13:41'),
('7ed33915a2def3a69816beee751d10567e62f4c3dfe6325a7818640ad5f720e14eecb3147f64fc3d', 2, 3, 'MyApp', '[]', 0, '2018-06-28 17:15:10', '2018-06-28 17:15:10', '2019-06-28 10:15:10'),
('301f1756d264c1d3c788c1b22b8a581399dc230a82d843bcb7357ceeeb8659ebb31e6929afe20f30', 2, 3, 'MyApp', '[]', 0, '2018-06-28 19:46:58', '2018-06-28 19:46:58', '2019-06-28 12:46:58'),
('626d967c6097ea74d753db9978a184f074cb827aebbd880ded6489e02aa048631523bb2ad2262f47', 6, 3, 'MyApp', '[]', 0, '2018-06-28 20:11:31', '2018-06-28 20:11:31', '2019-06-28 13:11:31'),
('7daca4eac423e1b37f7b25c75554a1865c5775f379d6e47a451563e7b7ad3210359db28ec284078d', 2, 3, 'MyApp', '[]', 0, '2018-06-29 00:04:47', '2018-06-29 00:04:47', '2019-06-28 17:04:47'),
('f3335279dd8f08935369865d643867794c7bec9a6eb5a4ac65fa752a3fef35b7b4f4b4715e923a45', 2, 3, 'MyApp', '[]', 0, '2018-06-29 00:53:51', '2018-06-29 00:53:51', '2019-06-28 17:53:51'),
('5c18c505628000f61ca53e965d1b9f5f654f6b5598ff0105a543e479b50fa1353c5dd1de188791b5', 2, 3, 'MyApp', '[]', 0, '2018-06-29 02:06:18', '2018-06-29 02:06:18', '2019-06-28 19:06:18'),
('798ec7b70954bac13e9b34185e9df6efd1c901b51069b8d07b69d1d9a2e259ccd7363262ad5a51e2', 6, 3, 'MyApp', '[]', 0, '2018-06-29 12:12:56', '2018-06-29 12:12:56', '2019-06-29 05:12:56'),
('fdaa7ac74834cc06895804aa244bfc4a36c050f48acd379835ae9d1c122a21c63ea779dd21579c27', 6, 3, 'MyApp', '[]', 0, '2018-06-29 12:14:24', '2018-06-29 12:14:24', '2019-06-29 05:14:24'),
('138db38a85c37452f77e8a0d38023c4a447d01425f8aeb89c565117e23b31cb1ff6f5f31966e702f', 1, 3, 'MyApp', '[]', 0, '2018-06-29 13:35:12', '2018-06-29 13:35:12', '2019-06-29 06:35:12'),
('266123cd3efc1b036ddce6213ec26a99c417ccc6894e9c54a87049a7cbe5ec50bae2e45489f50be9', 5, 3, 'MyApp', '[]', 0, '2018-06-29 13:37:39', '2018-06-29 13:37:39', '2019-06-29 06:37:39'),
('6720c9755805ab6f30abcc4a650cadeb4bbaba92201b48d0b744cfcf7bc850950ee55bdf883841b6', 5, 3, 'MyApp', '[]', 0, '2018-06-29 13:48:15', '2018-06-29 13:48:15', '2019-06-29 06:48:15'),
('a3256a096c5c0e816c430efe8e6ac495aa06b0d3fc2360860ce2252aed877cad676d3228a0523c7f', 1, 3, 'MyApp', '[]', 0, '2018-06-29 13:58:04', '2018-06-29 13:58:04', '2019-06-29 06:58:04'),
('c5050b37449d5763e3ce5bef5c3dac63dcb64edf73daf3e50b48a3e32fb6cdd0c330ef3452903b1a', 1, 3, 'MyApp', '[]', 0, '2018-06-29 14:00:14', '2018-06-29 14:00:14', '2019-06-29 07:00:14'),
('4d26c87ec4c5856315dd802eb689a4fdaa6c6b4c6120acb1348d19f303e44a0d99bf295143e6e240', 5, 3, 'MyApp', '[]', 0, '2018-06-29 16:04:11', '2018-06-29 16:04:11', '2019-06-29 09:04:11'),
('ccfe90e03d79d7c988cddc7e57b0b0322128df5650bd60689906bf3fe482eede9bce8d554012bedf', 5, 3, 'MyApp', '[]', 0, '2018-06-29 17:21:21', '2018-06-29 17:21:21', '2019-06-29 10:21:21'),
('0c4ed0e3be5e7f13d25c9c4a2b13e7487bedf22e2f17f8ffc3c1e5dacd19fd76d64fc6cd2e7a4121', 6, 3, 'MyApp', '[]', 0, '2018-06-29 17:43:39', '2018-06-29 17:43:39', '2019-06-29 10:43:39'),
('c0e0e73eeacdf6517814c47c67a1a42be0a4f163e6542109dd982223b9446a66cfef9fc60e1d15ac', 6, 3, 'MyApp', '[]', 0, '2018-06-29 18:01:53', '2018-06-29 18:01:53', '2019-06-29 11:01:53'),
('4155d4d14ca01dd1ff5b273cf4636e8391875286260d1ec2212a26060e4402fc822b7528c17817b8', 6, 3, 'MyApp', '[]', 0, '2018-06-29 18:55:20', '2018-06-29 18:55:20', '2019-06-29 11:55:20'),
('443c680d29fb4cf451973dd1f04262ba5655bc4fd3e26cc12d19e524382af666f5639cfd21eecf60', 8, 3, 'MyApp', '[]', 0, '2018-06-29 19:52:32', '2018-06-29 19:52:32', '2019-06-29 12:52:32'),
('06cd364d9ee1653f39a4972c840c9ce03a8f2fc0594d4204c4d99a0281023973513eb087c5c4a9a9', 9, 3, 'MyApp', '[]', 0, '2018-06-30 12:38:27', '2018-06-30 12:38:27', '2019-06-30 05:38:27'),
('f389a751ab3377ff76e6c7c8e29a7b49f6aba595292c80ffe84006ad6ee1b888e2b778c89290d751', 6, 3, 'MyApp', '[]', 0, '2018-06-30 12:42:15', '2018-06-30 12:42:15', '2019-06-30 05:42:15'),
('9b6354ac0192b0366e99e0f9a777df0b6d0b62b377120f2542f2050d7d8266693c23189da644eedb', 6, 3, 'MyApp', '[]', 0, '2018-06-30 12:44:09', '2018-06-30 12:44:09', '2019-06-30 05:44:09'),
('bb746e2f8b33c6ef3ed455b72e3d4201320e40301422185b5e41b3ea3ab1800217f4b4122ff35e9e', 6, 3, 'MyApp', '[]', 0, '2018-06-30 13:51:02', '2018-06-30 13:51:02', '2019-06-30 06:51:02'),
('6412b44bde969c8d2aa99be1830a899d60a44d8e66e190978c09b33aff3a30bb6c0514d2918d4ce7', 5, 3, 'MyApp', '[]', 0, '2018-06-30 14:14:36', '2018-06-30 14:14:36', '2019-06-30 07:14:36'),
('8fc0f849988ee27c95b9ee86ad42a9e9e3de8e4b4938b5262334263097b3296b1d5e9c30d34bcb92', 5, 3, 'MyApp', '[]', 0, '2018-06-30 14:32:16', '2018-06-30 14:32:16', '2019-06-30 07:32:16'),
('3d1ca71edb4ebb57abb9637a1a268215a10ec62fdad551ba6756cda442e4db750adf77197cb38ae3', 6, 3, 'MyApp', '[]', 0, '2018-06-30 14:33:28', '2018-06-30 14:33:28', '2019-06-30 07:33:28'),
('1fcc1f719d16678fc5010155bfa7c38b40534af4761705af3c4b65cd64aa60d396f27f91c78bbf12', 6, 3, 'MyApp', '[]', 0, '2018-06-30 14:44:02', '2018-06-30 14:44:02', '2019-06-30 07:44:02'),
('2d48236de0710dd0cedf8ad9466e82612d1d4537778e35a6b6459ee401f5b903187853ab169cd15a', 5, 3, 'MyApp', '[]', 0, '2018-06-30 14:46:43', '2018-06-30 14:46:43', '2019-06-30 07:46:43'),
('db7552ee45f7bcc7c4aecc4ad92d67ffb4d16df0871f82e3fcae8c3b46fa8ba95f724e1167d4cd67', 5, 3, 'MyApp', '[]', 0, '2018-06-30 14:50:49', '2018-06-30 14:50:49', '2019-06-30 07:50:49'),
('90a336a6cdbcc22a09357c54f13874d3d3e4af1af698e1e33cd1c448cebbb90f3893c65e93c73296', 6, 3, 'MyApp', '[]', 0, '2018-06-30 15:01:28', '2018-06-30 15:01:28', '2019-06-30 08:01:28'),
('29411defaab2f6789108736fb75e2db73e15830c6998fc1016c9c03596f6e8605d6af08d0f90e06e', 6, 3, 'MyApp', '[]', 0, '2018-06-30 15:14:16', '2018-06-30 15:14:16', '2019-06-30 08:14:16'),
('e5c73efb96b300382b832fd3fc96442fefff31013d510ab4dc6b8239176123472840b0363ca440d9', 6, 3, 'MyApp', '[]', 0, '2018-06-30 15:14:17', '2018-06-30 15:14:17', '2019-06-30 08:14:17'),
('f6b03d7ada098609b0cf68e560515c3f90bec01e58a10595c7403d6c4f521d1379acb40c0556e85c', 6, 3, 'MyApp', '[]', 0, '2018-06-30 15:21:50', '2018-06-30 15:21:50', '2019-06-30 08:21:50'),
('0ab1a6fe4ce42b8d7fd1bdede6c60cd2b951d22977f1dcd0808cd6b7e58f10ec52030e00f7a8bcb1', 4, 3, 'MyApp', '[]', 0, '2018-06-30 15:24:21', '2018-06-30 15:24:21', '2019-06-30 08:24:21'),
('a53ca4ce7b341c5885b4cc845fa5af73d8756aed3f2f27ed830493d28bf8dc0764cc62b9d81a036a', 5, 3, 'MyApp', '[]', 0, '2018-06-30 15:26:00', '2018-06-30 15:26:00', '2019-06-30 08:26:00'),
('707038e2cff66730f32daf0af384fd5f60c67506ff9eb7ee87e474ec25662cb4fa7d9daeb8eb75dc', 6, 3, 'MyApp', '[]', 0, '2018-06-30 15:26:24', '2018-06-30 15:26:24', '2019-06-30 08:26:24'),
('36b45e63299d8d2ade598d509bd3d60c1f5aee5c4b4314a24a949299575551d8f9aff0604b0758ed', 6, 3, 'MyApp', '[]', 0, '2018-06-30 15:33:47', '2018-06-30 15:33:47', '2019-06-30 08:33:47'),
('7a6d1378ffafb02ff72266660cd0c59e4a445125b0db2eab7bb4f30ae0aff37f8d90cb9ea9b5146f', 6, 3, 'MyApp', '[]', 0, '2018-06-30 15:41:16', '2018-06-30 15:41:16', '2019-06-30 08:41:16'),
('aafdf0d13e3c50caf1fdb10e47d7c83db473b398eec6cc7945fcc1ed2e6ce831f33f1fb4eecf1bef', 6, 3, 'MyApp', '[]', 0, '2018-06-30 15:45:29', '2018-06-30 15:45:29', '2019-06-30 08:45:29'),
('18c41fd47e57f7820dec2b408b37dea95fcdbbbea5b4cd246df756eda319421d686d5f025c914828', 6, 3, 'MyApp', '[]', 0, '2018-06-30 15:45:30', '2018-06-30 15:45:30', '2019-06-30 08:45:30'),
('013d0cb59ef68fc81f414620c17ec757ccdbcfcc8fb8e70a7bd66f0e9b329aab300cb428eeaf7843', 6, 3, 'MyApp', '[]', 0, '2018-06-30 17:53:09', '2018-06-30 17:53:09', '2019-06-30 10:53:09'),
('32b2a6148d606e16205f6a23fc2721136cbeefc84ca5b2f51852e0710797e25d4e1a0fe9325f07cd', 5, 3, 'MyApp', '[]', 0, '2018-06-30 18:02:08', '2018-06-30 18:02:08', '2019-06-30 11:02:08'),
('6dfc660484eb93dceda1ae0ad8c640db28c45f0bf1ec014bc478bcfc1d9732221e3edb2d09dbc611', 5, 3, 'MyApp', '[]', 0, '2018-06-30 18:03:59', '2018-06-30 18:03:59', '2019-06-30 11:03:59'),
('add65e3ef73b6a1a62c813cc40849bfcf75ea374233fd9cfb65a2c53d8a80c1c936dc61bc8a829c2', 5, 3, 'MyApp', '[]', 0, '2018-06-30 18:13:40', '2018-06-30 18:13:40', '2019-06-30 11:13:40'),
('7df7602ec1cd677b6fc2fe875d93fb88df0454ce080cb4e424d69da280e38077676d3b5952c5f47c', 5, 3, 'MyApp', '[]', 0, '2018-06-30 18:13:41', '2018-06-30 18:13:41', '2019-06-30 11:13:41'),
('f5ae921d49f1c61fcf5e9f1e19f7b44de45845435fd300863ad3fa68abe9ef5077cace583e877147', 6, 3, 'MyApp', '[]', 0, '2018-06-30 20:27:02', '2018-06-30 20:27:02', '2019-06-30 13:27:02'),
('845b88d7420117a1ee5f543bbcfbeca57c034eb760e3b1dbf673f24efc7876a8fb32af6f7d8dbcfb', 10, 3, 'MyApp', '[]', 0, '2018-06-30 20:28:33', '2018-06-30 20:28:33', '2019-06-30 13:28:33'),
('63a5d9b7cd13212649b6b7de0ddc9acf27b598b01639e12598b2ab191bbd64a7d367569b30def94b', 11, 3, 'MyApp', '[]', 0, '2018-06-30 20:30:14', '2018-06-30 20:30:14', '2019-06-30 13:30:14'),
('fb25495e486c9da5563e54531de1cc6e2bbbc21d48d96f5e0aa4d9f811260a948dc54b48831904c9', 6, 3, 'MyApp', '[]', 0, '2018-07-01 13:37:39', '2018-07-01 13:37:39', '2019-07-01 06:37:39'),
('ab6ef563d2726c6e97244a0030261965cc77b29b4b0cd981cd24d0e588875db455f9a4000075f6ed', 6, 3, 'MyApp', '[]', 0, '2018-07-01 13:37:39', '2018-07-01 13:37:39', '2019-07-01 06:37:39'),
('abca75ea4c4a335bb93d35ddd451462a7ee7b3980cecf0d3aa2602fafc7a034c720e1d90d497ce22', 5, 3, 'MyApp', '[]', 0, '2018-07-01 14:27:24', '2018-07-01 14:27:24', '2019-07-01 07:27:24'),
('67d569e971dfc7a64e584f8f9a7c4e3a2b0d237540235ea36788134c12b0427fee2c97783eb78c31', 2, 3, 'MyApp', '[]', 0, '2018-07-01 20:01:03', '2018-07-01 20:01:03', '2019-07-01 13:01:03'),
('da73e7f369d097f402ba75f50218f7d47811d24825dfcd2f245fe0eac6056219c06e87a80095c898', 2, 3, 'MyApp', '[]', 0, '2018-07-01 20:02:41', '2018-07-01 20:02:41', '2019-07-01 13:02:41'),
('dba839606a830a6f3d219a3c3c19c6dbfdc89594227bcae4da16ec7fdadec18aa7287ad6ed9a4bcb', 12, 3, 'MyApp', '[]', 0, '2018-07-02 00:28:07', '2018-07-02 00:28:07', '2019-07-01 17:28:07'),
('38ac49f09f92ef8c0d6be4f315c275baa4fbfc1cf4953cf83dd01a24c543b5c27d8c6499730d5344', 1, 3, 'MyApp', '[]', 0, '2018-07-02 01:21:36', '2018-07-02 01:21:36', '2019-07-01 18:21:36'),
('bbf10bfc4730e691f424e0fccd44166a51e7d75e04e791b6dccb949d7143251ecee834f9153f6f40', 2, 3, 'MyApp', '[]', 0, '2018-07-02 04:39:30', '2018-07-02 04:39:30', '2019-07-01 21:39:30'),
('33fc5b9aa37412e7b8cf0a5333bd2cc8e7bb12ebbea748843c65c7ac78a56a1aa8bc44d9810b4a02', 14, 3, 'MyApp', '[]', 0, '2018-07-02 13:35:12', '2018-07-02 13:35:12', '2019-07-02 06:35:12'),
('b773a920a4e68d0f98b71bc2011452f98770493dcd350c2174d4adb67d0c2b3f0d6a71c4db3b7944', 15, 3, 'MyApp', '[]', 0, '2018-07-02 13:40:46', '2018-07-02 13:40:46', '2019-07-02 06:40:46'),
('38f88a38020d192695d90ed0a40affdf9af38962a04a802968ca2d62c1306edb57fd45f4cac7e1dc', 6, 3, 'MyApp', '[]', 0, '2018-07-02 15:50:45', '2018-07-02 15:50:45', '2019-07-02 08:50:45'),
('98497f363fb1311f8eacd94a67a5c3b8f2b1525670d836f7f271ff4c0052701b0d5b963183f83b21', 6, 3, 'MyApp', '[]', 0, '2018-07-02 16:54:59', '2018-07-02 16:54:59', '2019-07-02 09:54:59'),
('aaefd3f04d6233a46acf7e4a32c4c92c3d665ace3986f93f0f3b08c0bd6ed0842c30c2dc0ceed693', 6, 3, 'MyApp', '[]', 0, '2018-07-02 16:55:50', '2018-07-02 16:55:50', '2019-07-02 09:55:50'),
('40244de5a83170d6c60af3419a53ffa32a590ba20a6cc5c2a3b1cc8e91e00d2c9b5eb77024ec85b6', 5, 3, 'MyApp', '[]', 0, '2018-07-02 17:02:55', '2018-07-02 17:02:55', '2019-07-02 10:02:55'),
('8162d6d96a03d3cd09960ef1eddd69e311baabbee9cc42ab8eb2c6067954ae9f6fcde86de659d69c', 2, 3, 'MyApp', '[]', 0, '2018-07-02 21:30:22', '2018-07-02 21:30:22', '2019-07-02 14:30:22'),
('55b9190e7a2c02525f733517c37faf17b20db7c64e644f126bcd867699aa34a84bd666d879f09352', 2, 3, 'MyApp', '[]', 0, '2018-07-02 21:36:33', '2018-07-02 21:36:33', '2019-07-02 14:36:33'),
('105a6f89e91a18a45ed7f68d31d1fd8dfc094e774b5d2bc343e37adb4edd5de74a5369edae7dfff8', 16, 3, 'MyApp', '[]', 0, '2018-07-02 22:39:05', '2018-07-02 22:39:05', '2019-07-02 15:39:05'),
('2783b510d5990fcbc28518ac55fa32d308e871e4815cf33b2de78b96ace2965c0948b6b85ef31740', 15, 3, 'MyApp', '[]', 0, '2018-07-02 23:18:56', '2018-07-02 23:18:56', '2019-07-02 16:18:56'),
('aeda8a53ba74cc8cee8c192bb7cab0e8f2f6b4e6613bb04f687c7e67301ec913ba4990d240c9d1e2', 2, 3, 'MyApp', '[]', 0, '2018-07-02 23:57:07', '2018-07-02 23:57:07', '2019-07-02 16:57:07'),
('36dc7047e2f12c4ff112fbc2c55f32e0c61fc6a20dc5a39f7c61b02f27a48d4c50df957461714cd3', 6, 3, 'MyApp', '[]', 0, '2018-07-03 00:06:06', '2018-07-03 00:06:06', '2019-07-02 17:06:06'),
('92e90f93379baed870e120648ed522952398cbb6e410e689fb44a10d1798a40dba6284411752bf17', 6, 3, 'MyApp', '[]', 0, '2018-07-03 00:06:06', '2018-07-03 00:06:06', '2019-07-02 17:06:06'),
('fbb8d39f8a2cbe7a405c0dd75c4cd08be4125093d088cdb04884fd718e7a3f1ac8ce69d7138fce02', 6, 3, 'MyApp', '[]', 0, '2018-07-03 00:06:42', '2018-07-03 00:06:42', '2019-07-02 17:06:42'),
('8b5b979fd9d9afc44ccbbe0a6d5e5029f55c5b93edafb2ff3e1224170cc226f88cc49f9fcf6a393f', 5, 3, 'MyApp', '[]', 0, '2018-07-03 00:42:38', '2018-07-03 00:42:38', '2019-07-02 17:42:38'),
('09585f827763ad5d85f0104a051875f74fac900e635232d15724f8d7f8bd021473d0bcfe2527839e', 6, 3, 'MyApp', '[]', 0, '2018-07-03 00:43:10', '2018-07-03 00:43:10', '2019-07-02 17:43:10'),
('618a1fb7451936e6c6c87a556e42955f8c6e8f63d27435fbc2d31760b1ad67ed8651669a204cd6cc', 5, 3, 'MyApp', '[]', 0, '2018-07-03 11:03:17', '2018-07-03 11:03:17', '2019-07-03 04:03:17'),
('208a712b2901b4251b62f099e43d9c7ccd35df5bf6440c1a95b2f5c387f01673498cb75c4acff8a2', 5, 3, 'MyApp', '[]', 0, '2018-07-03 11:13:40', '2018-07-03 11:13:40', '2019-07-03 04:13:40'),
('e59431affb97ae60aa96d40ec2bb2784e94a54c25689439bd981216a356bd6a570750ecfba88c8e3', 2, 3, 'MyApp', '[]', 0, '2018-07-03 11:18:22', '2018-07-03 11:18:22', '2019-07-03 04:18:22'),
('73c944c453f027ca52dba966593953b2110787f2770ae8b0c449d2b7955b0ed24953063567c70e6c', 5, 3, 'MyApp', '[]', 0, '2018-07-03 11:19:26', '2018-07-03 11:19:26', '2019-07-03 04:19:26'),
('c342d7f9f8f500ebf4776e39e4c27e26304877432854a107f4ac7f29728c82aaf0dee2085c1d96ef', 17, 3, 'MyApp', '[]', 0, '2018-07-03 11:24:56', '2018-07-03 11:24:56', '2019-07-03 04:24:56'),
('5114a2c83d8db5a1cacfc2f5a8cc6d68db8f6fc9c58852a9232b23146b15c00750a2c6e060a063bb', 18, 3, 'MyApp', '[]', 0, '2018-07-03 11:25:40', '2018-07-03 11:25:40', '2019-07-03 04:25:40'),
('fcfb2d676c8108abb57d4605b72793fe8942172fec436440fc6fcd4971347c107864b9d7ba2870a4', 17, 3, 'MyApp', '[]', 0, '2018-07-03 11:26:47', '2018-07-03 11:26:47', '2019-07-03 04:26:47'),
('6a9a2b375231edc93285f14cdba8a9246a9a79b369d0f014b1296751da8600fbb6c422b14b12232d', 18, 3, 'MyApp', '[]', 0, '2018-07-03 11:27:43', '2018-07-03 11:27:43', '2019-07-03 04:27:43'),
('e40b11c57db793f70362d2a5ebe4ca6886da0373b18c8a54d579b83d4b27080cc312117f8b006fda', 17, 3, 'MyApp', '[]', 0, '2018-07-03 11:28:19', '2018-07-03 11:28:19', '2019-07-03 04:28:19'),
('4424d105b95276be7ea5b2fdfa472fe07456d10c7a4d3ce7d3d0a3a5d79863f5728ad861fa387f83', 17, 3, 'MyApp', '[]', 0, '2018-07-03 11:28:59', '2018-07-03 11:28:59', '2019-07-03 04:28:59'),
('5a0cb5fef36d25e9c0ba7871006c4e19e695550f86663915f8538a314a924d625fb1d8cb34442e30', 17, 3, 'MyApp', '[]', 0, '2018-07-03 11:30:11', '2018-07-03 11:30:11', '2019-07-03 04:30:11'),
('560128be389c93d64f0055fef8b11af3f26e6864df06eb64289bb89a9eae3ff86ee5f4447229ab02', 18, 3, 'MyApp', '[]', 0, '2018-07-03 11:32:35', '2018-07-03 11:32:35', '2019-07-03 04:32:35'),
('088d55a5db716a6927fe382d6d8737f2ff4d451f24f1df7563aa3843389a3068019a62796efa124c', 17, 3, 'MyApp', '[]', 0, '2018-07-03 11:33:44', '2018-07-03 11:33:44', '2019-07-03 04:33:44'),
('a8e94089dd1edb0e6b81fff63f7429809866a0c7182d2a4642071708bad35de89235ed8084040ad7', 18, 3, 'MyApp', '[]', 0, '2018-07-03 11:35:27', '2018-07-03 11:35:27', '2019-07-03 04:35:27'),
('f27b9ce03af4ac7d70af691fd629e08abd43c92fe34ec2f5abdce9c88ca77c0b217b0bd12b3f4469', 8, 3, 'MyApp', '[]', 0, '2018-07-03 12:47:40', '2018-07-03 12:47:40', '2019-07-03 05:47:40'),
('5a0702a56711a31ddfbcc1d96c7668410c01b9f66ca7b09adbd8bdb4613012c52ce9a701c7cc79b5', 8, 3, 'MyApp', '[]', 0, '2018-07-03 12:47:40', '2018-07-03 12:47:40', '2019-07-03 05:47:40'),
('d2cccf46b3f4e534a994ff5a5840d0d416a9627f15b1f6130a00cb65917e6ed350312975c24122c0', 8, 3, 'MyApp', '[]', 0, '2018-07-03 12:47:41', '2018-07-03 12:47:41', '2019-07-03 05:47:41'),
('089e576644f844932741f380d9be60480620b7a6a7be88e41f1788d03b04e478efcec34cab21ba0d', 8, 3, 'MyApp', '[]', 0, '2018-07-03 12:47:41', '2018-07-03 12:47:41', '2019-07-03 05:47:41'),
('92fa3a14f3f4c1927067b3f77cf73951efff7e2ffb38b8586a51ec1702a96faa5372c73e2924bf6e', 8, 3, 'MyApp', '[]', 0, '2018-07-03 12:47:41', '2018-07-03 12:47:41', '2019-07-03 05:47:41'),
('e2dc339d8e35e672a38c674905d626b671a334e2dc392d46c92622c6a9751c70bd6175439f16a91b', 8, 3, 'MyApp', '[]', 0, '2018-07-03 12:47:41', '2018-07-03 12:47:41', '2019-07-03 05:47:41'),
('0aaf354ccfe13c1024b77653e18b1ded5cf4b2662583cf00e75a3a361256b6f439c4bc70c7116de0', 8, 3, 'MyApp', '[]', 0, '2018-07-03 12:47:41', '2018-07-03 12:47:41', '2019-07-03 05:47:41'),
('dbbf4ff396baa5e4198c5f5900d5b6ec06dccf0188ff3d2bb281bf2c11ef1d751baabdde5647c711', 9, 3, 'MyApp', '[]', 0, '2018-07-03 12:51:11', '2018-07-03 12:51:11', '2019-07-03 05:51:11'),
('b2743bda22a58bf9096bdeeccfdd9ac65bbe2cae1fa0583d249d2129b059d22e26d49d0eef2231cb', 2, 3, 'MyApp', '[]', 0, '2018-07-03 14:03:07', '2018-07-03 14:03:07', '2019-07-03 07:03:07'),
('062036284ad23ffadd12085108e364cd4c76cc40ad004f82d264c2e2b7cd67d847e1c8a6ce60c85e', 18, 3, 'MyApp', '[]', 0, '2018-07-03 14:18:01', '2018-07-03 14:18:01', '2019-07-03 07:18:01'),
('41656722a46e3dd9a167c8ae316f18470e16ef2478ec376b7c8226483915d184e32b8114b6f4af7a', 17, 3, 'MyApp', '[]', 0, '2018-07-03 16:26:42', '2018-07-03 16:26:42', '2019-07-03 09:26:42'),
('dfa219d8f85a7a43ed1a9d46abccf75d797d42505f249869f1c8edf758feddec4f292c8105f6c27d', 17, 3, 'MyApp', '[]', 0, '2018-07-03 17:11:56', '2018-07-03 17:11:56', '2019-07-03 10:11:56'),
('6d9ebabb3ed10e1fa0c4d9b5fbdc2b57c2a7cb24cb6b4cf51244aba87217ee62ea59736dee9899a9', 19, 3, 'MyApp', '[]', 0, '2018-07-03 17:14:19', '2018-07-03 17:14:19', '2019-07-03 10:14:19'),
('1718851a4ddd718d78537eea3e35162dd0401287152f67fc58258ad7038b5997a51f4289705a90b8', 18, 3, 'MyApp', '[]', 0, '2018-07-03 17:46:24', '2018-07-03 17:46:24', '2019-07-03 10:46:24'),
('464b7768e9eac712cb61746ab07bd9ed63344e8dcb873106f45df69583eb474efa515b7f41b2a987', 18, 3, 'MyApp', '[]', 0, '2018-07-03 20:58:14', '2018-07-03 20:58:14', '2019-07-03 13:58:14'),
('3365cc86166b442675541defcf82e119a41bcfef9c045f55df7d975348356714691eff4956cb87b7', 17, 3, 'MyApp', '[]', 0, '2018-07-03 20:59:08', '2018-07-03 20:59:08', '2019-07-03 13:59:08'),
('2cf9a6f963124a0f05aed6b4938e2a9dfcdb86d79da3563d2ad12a0cbd46c8574c8f803007ae8bc7', 17, 3, 'MyApp', '[]', 0, '2018-07-03 20:59:16', '2018-07-03 20:59:16', '2019-07-03 13:59:16'),
('4020aa0f1b979d16c2f9b7a46fe20d6c749e6224d93b3ba174cbc821eee41c530f00ad38ee863def', 18, 3, 'MyApp', '[]', 0, '2018-07-03 21:00:57', '2018-07-03 21:00:57', '2019-07-03 14:00:57'),
('00451b940878ed02e4bdd51da3056080892a2999af5818a2330c1c18d82e6faf007570cb7496e9bd', 18, 3, 'MyApp', '[]', 0, '2018-07-03 21:00:58', '2018-07-03 21:00:58', '2019-07-03 14:00:58'),
('827931b4a6433e90a32f498cb1b5a233132e79eac9b0098b96ddfa15c1c526ee3eb84da4c7a46b80', 17, 3, 'MyApp', '[]', 0, '2018-07-03 21:06:40', '2018-07-03 21:06:40', '2019-07-03 14:06:40'),
('1aaf6da514255fe754e49e9b5b2c5e388cd11d38494233d3bd093487b803f3376a55cd950461f18a', 17, 3, 'MyApp', '[]', 0, '2018-07-03 21:06:41', '2018-07-03 21:06:41', '2019-07-03 14:06:41'),
('a0187bb9697b0da78c0abf92f038eb05f11bb894e1ffa080205e7efc0c2ad60a193ceeceef992a82', 8, 3, 'MyApp', '[]', 0, '2018-07-03 21:13:21', '2018-07-03 21:13:21', '2019-07-03 14:13:21'),
('79cee5ea4eefe52ac044ec14955ff77fa70ecd41fce5263a0b505d5e07b1bd1b7b14855262e2670e', 9, 3, 'MyApp', '[]', 0, '2018-07-03 21:15:36', '2018-07-03 21:15:36', '2019-07-03 14:15:36'),
('78f009af8ec69a1bae8a7c36a5d23b6f6f7d8678e6324216d6d59d3d2980cab6cc8d54d7a6858257', 8, 3, 'MyApp', '[]', 0, '2018-07-03 21:28:15', '2018-07-03 21:28:15', '2019-07-03 14:28:15'),
('d4d2c6a361022e620fa0ac8e429c176b21538aea044cb26b9dc6281f013a10a44ee376fded33bb89', 9, 3, 'MyApp', '[]', 0, '2018-07-03 21:29:40', '2018-07-03 21:29:40', '2019-07-03 14:29:40'),
('0d67091b7f0f3653ec446de55f1b294681c22b18e30d034924b44c353efce49c9ed4b3a52f01efa5', 18, 3, 'MyApp', '[]', 0, '2018-07-03 21:53:39', '2018-07-03 21:53:39', '2019-07-03 14:53:39'),
('cb4defbd11a6b7a84162268e1367a56aed55bbfe268a87f1f3b02e7159d52fd4ab5c8f44bf209b7e', 8, 3, 'MyApp', '[]', 0, '2018-07-03 22:14:57', '2018-07-03 22:14:57', '2019-07-03 15:14:57'),
('2f227e14eaecd8e657a6afdc1f1b39c76b9240810c0895902ee76c3102237eba41cba227329b14ca', 9, 3, 'MyApp', '[]', 0, '2018-07-03 22:15:49', '2018-07-03 22:15:49', '2019-07-03 15:15:49'),
('d26c47ed317d50cb0c68d97f7dce2eeca4308b64b2f2e65ccb55632def0f1cfd78aa0e655608378d', 18, 3, 'MyApp', '[]', 0, '2018-07-04 00:11:51', '2018-07-04 00:11:51', '2019-07-03 17:11:51'),
('5333948efde00ed2e897c85fae37d9438b45ab53b8a164df9fb8abd9b6b49f96c9b866b346c9a2e7', 17, 3, 'MyApp', '[]', 0, '2018-07-04 10:43:28', '2018-07-04 10:43:28', '2019-07-04 03:43:28'),
('11b50ba537f72b70365a4745de8d22e0b744f40fd742938119510a50b2fc5d8f48826c2a03146557', 16, 3, 'MyApp', '[]', 0, '2018-07-04 11:08:23', '2018-07-04 11:08:23', '2019-07-04 04:08:23'),
('bcde2dce237b671d76b3921ec4f70ba511e97062c14fc8f683294d71d5caf0187589afbe91aa05a3', 18, 3, 'MyApp', '[]', 0, '2018-07-04 11:19:45', '2018-07-04 11:19:45', '2019-07-04 04:19:45'),
('0c1bb0d95e2105eb4c20cfe269545803d016c813ad6ca182b7d23a4b27163630add7d4167269a3fa', 18, 3, 'MyApp', '[]', 0, '2018-07-04 12:00:22', '2018-07-04 12:00:22', '2019-07-04 05:00:22'),
('1d389dd2e40414866bcc3fa81ebf372a4b79f020e5b1e623f34db23c869ce11efe6ca122c1116dc8', 18, 3, 'MyApp', '[]', 0, '2018-07-04 12:20:42', '2018-07-04 12:20:42', '2019-07-04 05:20:42'),
('1d8fc17e04b4fa2f9490705605626d76cdc0aeab308b9b234acd4879c7347507c4be5c26b4ace412', 18, 3, 'MyApp', '[]', 0, '2018-07-04 12:34:47', '2018-07-04 12:34:47', '2019-07-04 05:34:47'),
('990a4aac3357069f277716fd112ce2c753da132e2908e0ab73f7180b9687871429cad31f37b008c9', 18, 3, 'MyApp', '[]', 0, '2018-07-04 12:36:55', '2018-07-04 12:36:55', '2019-07-04 05:36:55'),
('7595d85bb28d8083929359f08a19fe380c865055f98242a14c37353ba327310b6769bda42948ff3e', 18, 3, 'MyApp', '[]', 0, '2018-07-04 12:38:55', '2018-07-04 12:38:55', '2019-07-04 05:38:55'),
('bd165c79b1471bfb510f24a6ba715e3b58cd2f5607b3a710c1f28657ec6fdf41056b451c244fa6c4', 18, 3, 'MyApp', '[]', 0, '2018-07-04 12:39:52', '2018-07-04 12:39:52', '2019-07-04 05:39:52'),
('43a4d3c3cf712e1871b596afdb76b1ca8ea0b85a1bdfaa4c00f73fce138c0bc5b4c3be972663d1f8', 18, 3, 'MyApp', '[]', 0, '2018-07-04 12:40:48', '2018-07-04 12:40:48', '2019-07-04 05:40:48'),
('cd6e23e88a2a62e80219ab2632c953fc6645fc36c8b55e29664302bb93b1dfb0dc55be2ca7583604', 17, 3, 'MyApp', '[]', 0, '2018-07-04 12:41:14', '2018-07-04 12:41:14', '2019-07-04 05:41:14'),
('1b275e60772620205fd583ff1ba657c5211af117d530c2b38e311b36012c68422c3d736aad15e8e9', 17, 3, 'MyApp', '[]', 0, '2018-07-04 12:49:22', '2018-07-04 12:49:22', '2019-07-04 05:49:22'),
('778eaef641f408349a4b59f3bb19e25cbbe9916dffbba493cb020ffcb3d1f54c8255599cad7e2b67', 17, 3, 'MyApp', '[]', 0, '2018-07-04 12:53:06', '2018-07-04 12:53:06', '2019-07-04 05:53:06'),
('daf86b4286daaa87f8683a8837b1fece247e94b6986879dc33b53691bd4c7686b619a8d62cc592a8', 17, 3, 'MyApp', '[]', 0, '2018-07-04 13:12:28', '2018-07-04 13:12:28', '2019-07-04 06:12:28'),
('80f20f90ef0ba8fa783b219ff30a9eb494df3b1cd790584a3816d9283fc75a8197423afe1519e6fc', 17, 3, 'MyApp', '[]', 0, '2018-07-04 13:42:41', '2018-07-04 13:42:41', '2019-07-04 06:42:41'),
('5cda6142c5447e528590ed8549083487d901e41289a3c34eb2318ce335cdd369475718cfef429635', 18, 3, 'MyApp', '[]', 0, '2018-07-04 13:57:05', '2018-07-04 13:57:05', '2019-07-04 06:57:05'),
('ea4295adbacc248a54079b20e270e684afe7c7703273341b849be664ed9440571326712155249268', 17, 3, 'MyApp', '[]', 0, '2018-07-04 14:12:58', '2018-07-04 14:12:58', '2019-07-04 07:12:58'),
('6c61e7e06a3483cc25ee74ac886ed940deff4ac1dc616d05d2518c1651f30c95570d9e113c1902e2', 18, 3, 'MyApp', '[]', 0, '2018-07-04 14:13:41', '2018-07-04 14:13:41', '2019-07-04 07:13:41'),
('de963b4539fdcfcc4b842e0f75ba1179042f3cbc4938d9145b99fd807b416d43838972d574eab35f', 17, 3, 'MyApp', '[]', 0, '2018-07-04 15:03:15', '2018-07-04 15:03:15', '2019-07-04 08:03:15'),
('f71c0a9b03b7af25c7eee7f95248e13a6131d61c2c2b91dddae6dd4f0175f7ce7d52193d859116db', 17, 3, 'MyApp', '[]', 0, '2018-07-04 15:07:12', '2018-07-04 15:07:12', '2019-07-04 08:07:12'),
('d2d24d6a502bab9d2c45a37e27e75e64649c525315da229d3452811932835d4b74d539cc9b24f49e', 17, 3, 'MyApp', '[]', 0, '2018-07-04 15:12:48', '2018-07-04 15:12:48', '2019-07-04 08:12:48'),
('92815b4b63362dcf050f542f8391d5d634a56ff8cf5d70e53bacc519e47ade1430f6f86b0fad1bb1', 20, 3, 'MyApp', '[]', 0, '2018-07-04 15:22:18', '2018-07-04 15:22:18', '2019-07-04 08:22:18'),
('a58ef52968f19ce1e522a0b2c4a90389c0f219cb717c5c6a9ade4b75a146c02c9ba87a0dc81f1a99', 21, 3, 'MyApp', '[]', 0, '2018-07-04 15:23:13', '2018-07-04 15:23:13', '2019-07-04 08:23:13'),
('00ff6b7db35f67dfe1678a95979279630546441095d3254511bbc82b9bfbe4eb78d703cbd9d330d0', 22, 3, 'MyApp', '[]', 0, '2018-07-04 15:39:26', '2018-07-04 15:39:26', '2019-07-04 08:39:26'),
('bcc70a0ae31a76444b5ca11c9f64794ffaf54edaa4008ef9364209df3c7b49afde37dc0ba666a927', 20, 3, 'MyApp', '[]', 0, '2018-07-04 15:40:39', '2018-07-04 15:40:39', '2019-07-04 08:40:39'),
('4f07ff048c72a614ec2f8bd13de93dbda8c4293a5c7585a790ab44e522798a1f4fdff0504f8b4b23', 23, 3, 'MyApp', '[]', 0, '2018-07-04 15:41:51', '2018-07-04 15:41:51', '2019-07-04 08:41:51'),
('43c6a65ab1b5ed470703b9ce65c5abe9c73fa2f4aa1b517a3705388044ffebb877716b2984c3a6d8', 24, 3, 'MyApp', '[]', 0, '2018-07-04 15:49:52', '2018-07-04 15:49:52', '2019-07-04 08:49:52'),
('2b50a0a6458618a3ac71db12427b50b8bd814cdeed79b49bae216ac77d8d928e6c4fde65859312f5', 25, 3, 'MyApp', '[]', 0, '2018-07-04 15:52:13', '2018-07-04 15:52:13', '2019-07-04 08:52:13'),
('71b20a285c0e49d2710e11512308aa176a183af6136e86c9a764f9710a8b464caddabb6cdd0cb824', 23, 3, 'MyApp', '[]', 0, '2018-07-04 16:50:29', '2018-07-04 16:50:29', '2019-07-04 09:50:29'),
('bd11cffd3eda3ec3d1493ceef1699bf9d5e56a7b2f0fc9ac5be44f486b8758ba8603b92c8e08813d', 26, 3, 'MyApp', '[]', 0, '2018-07-04 16:54:59', '2018-07-04 16:54:59', '2019-07-04 09:54:59'),
('9d15226499edcd2ddeeb8fb60f5c48d37b46198d371d58c8196b51dfafd1079ef9eebddc4513f692', 23, 3, 'MyApp', '[]', 0, '2018-07-04 17:18:03', '2018-07-04 17:18:03', '2019-07-04 10:18:03'),
('5fb84e80858e435ee8d8e6c94108ffd587b54a04c605992e3c4cbca35f9d584046d92328a880d095', 24, 3, 'MyApp', '[]', 0, '2018-07-04 17:22:59', '2018-07-04 17:22:59', '2019-07-04 10:22:59'),
('c809ed48d579f39cf27fe7f72fdffa6a151b58d73438cad9e25127ff17b851b1f5fe898ec9e2d11c', 25, 3, 'MyApp', '[]', 0, '2018-07-04 17:23:31', '2018-07-04 17:23:31', '2019-07-04 10:23:31'),
('822caf900f5b37c3c04ab167aac8875515d8cad833f589e5b8ac0dccdc075c284cf81a435509ccf4', 24, 3, 'MyApp', '[]', 0, '2018-07-04 20:50:53', '2018-07-04 20:50:53', '2019-07-04 13:50:53'),
('3dde490fe99e1c04824862f8bbf97025e42bdc719ae0d951df52b16d4c5412f4038791ee8788b5f0', 16, 3, 'MyApp', '[]', 0, '2018-07-04 21:17:16', '2018-07-04 21:17:16', '2019-07-04 14:17:16'),
('c0e137f8c0b9a82e92ac27e62f5c61c65b48390f5e19bcfc715d82edf0fad038c82bf17663fd137a', 16, 3, 'MyApp', '[]', 0, '2018-07-04 21:19:53', '2018-07-04 21:19:53', '2019-07-04 14:19:53'),
('9b5fd16678756d3afe1862a791dc4ba48b5d1e8d3ec2a4b106626b023ce24631ada5113c2bdda80a', 16, 3, 'MyApp', '[]', 0, '2018-07-04 21:28:15', '2018-07-04 21:28:15', '2019-07-04 14:28:15'),
('5206f2b75336a061dfb2629e5793fb878a75a86d35606789b4caf4d2d6179ef1799c732e9e56e975', 22, 3, 'MyApp', '[]', 0, '2018-07-05 12:16:39', '2018-07-05 12:16:39', '2019-07-05 05:16:39'),
('9d39961b04166882ae248f294111adab66c030bdf3943c671139640f93b00bc5e7de9e20134ce0f7', 23, 3, 'MyApp', '[]', 0, '2018-07-05 12:17:23', '2018-07-05 12:17:23', '2019-07-05 05:17:23'),
('03153eec0f34b66f696ca244abc32ae2c106bb3a4a29fe92b0047416a1817ebac43ffba0b8104b39', 23, 3, 'MyApp', '[]', 0, '2018-07-05 12:19:17', '2018-07-05 12:19:17', '2019-07-05 05:19:17'),
('ce054f9c19036a9cd806b30a4de6eb7ea268a880dd49dec0dbdad6bbf4cbc48e31ce6935faf80d5f', 22, 3, 'MyApp', '[]', 0, '2018-07-05 12:19:35', '2018-07-05 12:19:35', '2019-07-05 05:19:35'),
('6a01870cd3a960f1c2cde6fee59552914201ce4a2d5c2031e43c2bc43e7856347dd7e526922a2d2e', 23, 3, 'MyApp', '[]', 0, '2018-07-05 13:09:10', '2018-07-05 13:09:10', '2019-07-05 06:09:10'),
('722ffaec88446a28a3d1b1a2290c5442eb05ac35d441dfd1fcf109ba99d17aa87c664c15eaa5bd7a', 23, 3, 'MyApp', '[]', 0, '2018-07-05 13:44:56', '2018-07-05 13:44:56', '2019-07-05 06:44:56'),
('45bfe704e615fd4bcbd31f69c853ebf6425be17f6b11e34f98a508014088a9ba4c1eb794db6b22cf', 22, 3, 'MyApp', '[]', 0, '2018-07-05 13:59:05', '2018-07-05 13:59:05', '2019-07-05 06:59:05'),
('b8e67741105c0ec4129d5452b45edd2ccae775dc11afe52e3a0ec505505ab88e2006705875e9d01b', 24, 3, 'MyApp', '[]', 0, '2018-07-05 14:30:51', '2018-07-05 14:30:51', '2019-07-05 07:30:51'),
('baf15b15bb716e75dfb592d860f2bbbd51f2aae1440338505f370f0ae497c58b40904e852fbf16c3', 27, 3, 'MyApp', '[]', 0, '2018-07-05 14:57:40', '2018-07-05 14:57:40', '2019-07-05 07:57:40'),
('321b73d17bd0158730c19228043969eba66dfc14a48ed73a034a34d8909f113f9b5fedce17ba74b2', 28, 3, 'MyApp', '[]', 0, '2018-07-05 15:01:10', '2018-07-05 15:01:10', '2019-07-05 08:01:10'),
('902870b9947b1de6610b55206c6279e6cdfe7baed231b40b1494b3eff7d619763ac2c91872c8a862', 29, 3, 'MyApp', '[]', 0, '2018-07-05 15:34:38', '2018-07-05 15:34:38', '2019-07-05 08:34:38'),
('7d0af97abe60b2ee35240db441861248057f9a526105ca8cb3c4075689b1956aa38ca589dd28d95a', 23, 3, 'MyApp', '[]', 0, '2018-07-05 16:30:42', '2018-07-05 16:30:42', '2019-07-05 09:30:42'),
('228e1c5546b3df86b3c183c3779000a0871d9e17ce8671cb0e98951d6b5c507669b523a30b6fbb1c', 22, 3, 'MyApp', '[]', 0, '2018-07-05 16:31:42', '2018-07-05 16:31:42', '2019-07-05 09:31:42'),
('bc96d82f0f9764bf0bb391fc19efc05fb6f84465ef4891c6b3978f838912c842a511dc688d5f6de9', 22, 3, 'MyApp', '[]', 0, '2018-07-05 16:34:05', '2018-07-05 16:34:05', '2019-07-05 09:34:05'),
('177c3a737fa1f5458d05d17c904c1e8b97daf9ea87f529b3924e2bb18f11dafc58a3b5a99f17bbdd', 23, 3, 'MyApp', '[]', 0, '2018-07-05 16:35:09', '2018-07-05 16:35:09', '2019-07-05 09:35:09'),
('7fd03750f3087929db2279e5a634adea0698c67c291ef82a3f6843c043730fcb82e58fff55f7e10b', 16, 3, 'MyApp', '[]', 0, '2018-07-05 23:51:28', '2018-07-05 23:51:28', '2019-07-05 16:51:28'),
('82ec08610bc7784e6822be92d8020c88970c7701119ce03a761f0ee10583d3ebb0db6db04cdde821', 30, 3, 'MyApp', '[]', 0, '2018-07-05 23:56:11', '2018-07-05 23:56:11', '2019-07-05 16:56:11'),
('535a65b67ce41485b9c41c328beb406246ca12225cdb85fb0df74ca7df9dcc9dc54c8360caffc20d', 16, 3, 'MyApp', '[]', 0, '2018-07-06 00:02:26', '2018-07-06 00:02:26', '2019-07-05 17:02:26'),
('3acc9643435582786ca719f376d50536570ea21dedf7f2b920bc60b3a3363957ef9084470045934c', 2, 3, 'MyApp', '[]', 0, '2018-07-06 01:41:39', '2018-07-06 01:41:39', '2019-07-05 18:41:39'),
('f0c6f2be263b035ffeb1ccc219306e7d0354a31d8ad8844c15ebf99021caf4e4238e44990346f942', 22, 3, 'MyApp', '[]', 0, '2018-07-06 03:00:16', '2018-07-06 03:00:16', '2019-07-05 20:00:16'),
('47d54f046fffc56eee15cb3ab5a5577b647ae9ad53d339035a5a259348a3547c660f18bdd122f809', 14, 3, 'MyApp', '[]', 0, '2018-07-06 11:04:16', '2018-07-06 11:04:16', '2019-07-06 04:04:16'),
('e8a9a3d35f02d06c452cea0e5bc5fe0107fb4bf635869fe0a821dc07811a87963a59d16174e52051', 11, 3, 'MyApp', '[]', 0, '2018-07-06 11:34:35', '2018-07-06 11:34:35', '2019-07-06 04:34:35'),
('f86c9bf8b1ad05831ac69ca75d7603106d19a92c4b6d7105dfcb7ed0bdc27c698c00b3827d1f83ca', 28, 3, 'MyApp', '[]', 0, '2018-07-06 11:36:00', '2018-07-06 11:36:00', '2019-07-06 04:36:00'),
('aac0d09df31d85f8597ca18c49bb6d243adee8ddf743f2bcfe8378f8d484394da58118f19057eacc', 31, 3, 'MyApp', '[]', 0, '2018-07-06 12:15:07', '2018-07-06 12:15:07', '2019-07-06 05:15:07'),
('818066afab6d3200063b9ffff099ef555ef07807f392bdcf5152988372891422e56faecd86bb4a34', 16, 3, 'MyApp', '[]', 0, '2018-07-06 18:51:23', '2018-07-06 18:51:23', '2019-07-06 11:51:23'),
('2b24101bb33f913e7206206edce599598483f579ac8bba8dd42b33f4aeaaa3e1d467285a81532aa9', 16, 3, 'MyApp', '[]', 0, '2018-07-06 23:45:22', '2018-07-06 23:45:22', '2019-07-06 16:45:22'),
('473651b9e3762a8691b1b670210625b53e4a09c5ac4040c8b2b82b3232ab29639e63747dae1bf0de', 32, 3, 'MyApp', '[]', 0, '2018-07-07 02:22:13', '2018-07-07 02:22:13', '2019-07-06 19:22:13');

-- --------------------------------------------------------

--
-- Table structure for table `oauth_auth_codes`
--

CREATE TABLE IF NOT EXISTS `oauth_auth_codes` (
  `id` varchar(100) COLLATE utf8mb4_unicode_ci NOT NULL,
  `user_id` int(11) NOT NULL,
  `client_id` int(11) NOT NULL,
  `scopes` text COLLATE utf8mb4_unicode_ci,
  `revoked` tinyint(1) NOT NULL,
  `expires_at` datetime DEFAULT NULL,
  PRIMARY KEY (`id`)
) ENGINE=MyISAM DEFAULT CHARSET=utf8mb4 COLLATE=utf8mb4_unicode_ci;

-- --------------------------------------------------------

--
-- Table structure for table `oauth_clients`
--

CREATE TABLE IF NOT EXISTS `oauth_clients` (
  `id` int(10) unsigned NOT NULL AUTO_INCREMENT,
  `user_id` int(11) DEFAULT NULL,
  `name` varchar(191) COLLATE utf8mb4_unicode_ci NOT NULL,
  `secret` varchar(100) COLLATE utf8mb4_unicode_ci NOT NULL,
  `redirect` text COLLATE utf8mb4_unicode_ci NOT NULL,
  `personal_access_client` tinyint(1) NOT NULL,
  `password_client` tinyint(1) NOT NULL,
  `revoked` tinyint(1) NOT NULL,
  `created_at` timestamp NULL DEFAULT NULL,
  `updated_at` timestamp NULL DEFAULT NULL,
  PRIMARY KEY (`id`),
  KEY `oauth_clients_user_id_index` (`user_id`)
) ENGINE=MyISAM  DEFAULT CHARSET=utf8mb4 COLLATE=utf8mb4_unicode_ci AUTO_INCREMENT=5 ;

--
-- Dumping data for table `oauth_clients`
--

INSERT INTO `oauth_clients` (`id`, `user_id`, `name`, `secret`, `redirect`, `personal_access_client`, `password_client`, `revoked`, `created_at`, `updated_at`) VALUES
(1, NULL, 'Laravel Personal Access Client', '33uzB4mkyapTI8iEGXCdrgqQedVUXcl19WadMfdF', 'http://localhost', 1, 0, 0, '2018-06-24 01:03:41', '2018-06-24 01:03:41'),
(2, NULL, 'Laravel Password Grant Client', 'oXJMCloQZVtfhuzRyt0eucD1Ik2ifK5qfBoxrvei', 'http://localhost', 0, 1, 0, '2018-06-24 01:03:41', '2018-06-24 01:03:41'),
(3, NULL, 'Laravel Personal Access Client', 'nPmDUxQb7RIIrhJXpbF67JI8tw8CEj6076HcwwEl', 'http://localhost', 1, 0, 0, '2018-06-24 13:55:50', '2018-06-24 13:55:50'),
(4, NULL, 'Laravel Password Grant Client', 'wTIawgg8b6Cqv7jG3bk5X7Gn5bVdh3mm1CAIEnto', 'http://localhost', 0, 1, 0, '2018-06-24 13:55:50', '2018-06-24 13:55:50');

-- --------------------------------------------------------

--
-- Table structure for table `oauth_personal_access_clients`
--

CREATE TABLE IF NOT EXISTS `oauth_personal_access_clients` (
  `id` int(10) unsigned NOT NULL AUTO_INCREMENT,
  `client_id` int(11) NOT NULL,
  `created_at` timestamp NULL DEFAULT NULL,
  `updated_at` timestamp NULL DEFAULT NULL,
  PRIMARY KEY (`id`),
  KEY `oauth_personal_access_clients_client_id_index` (`client_id`)
) ENGINE=MyISAM  DEFAULT CHARSET=utf8mb4 COLLATE=utf8mb4_unicode_ci AUTO_INCREMENT=3 ;

--
-- Dumping data for table `oauth_personal_access_clients`
--

INSERT INTO `oauth_personal_access_clients` (`id`, `client_id`, `created_at`, `updated_at`) VALUES
(1, 1, '2018-06-24 01:03:41', '2018-06-24 01:03:41'),
(2, 3, '2018-06-24 13:55:50', '2018-06-24 13:55:50');

-- --------------------------------------------------------

--
-- Table structure for table `oauth_refresh_tokens`
--

CREATE TABLE IF NOT EXISTS `oauth_refresh_tokens` (
  `id` varchar(100) COLLATE utf8mb4_unicode_ci NOT NULL,
  `access_token_id` varchar(100) COLLATE utf8mb4_unicode_ci NOT NULL,
  `revoked` tinyint(1) NOT NULL,
  `expires_at` datetime DEFAULT NULL,
  PRIMARY KEY (`id`),
  KEY `oauth_refresh_tokens_access_token_id_index` (`access_token_id`)
) ENGINE=MyISAM DEFAULT CHARSET=utf8mb4 COLLATE=utf8mb4_unicode_ci;

-- --------------------------------------------------------

--
-- Table structure for table `password_resets`
--

CREATE TABLE IF NOT EXISTS `password_resets` (
  `email` varchar(191) COLLATE utf8mb4_unicode_ci NOT NULL,
  `token` varchar(191) COLLATE utf8mb4_unicode_ci NOT NULL,
  `created_at` timestamp NULL DEFAULT NULL,
  KEY `password_resets_email_index` (`email`)
) ENGINE=MyISAM DEFAULT CHARSET=utf8mb4 COLLATE=utf8mb4_unicode_ci;

-- --------------------------------------------------------

--
-- Table structure for table `promo_codes`
--

CREATE TABLE IF NOT EXISTS `promo_codes` (
  `id` int(10) unsigned NOT NULL AUTO_INCREMENT,
  `promo_code` varchar(255) COLLATE utf8mb4_unicode_ci DEFAULT NULL,
  `type` varchar(3) COLLATE utf8mb4_unicode_ci NOT NULL DEFAULT '1',
  `amount` double(8,2) NOT NULL DEFAULT '0.00',
  `status` varchar(3) COLLATE utf8mb4_unicode_ci NOT NULL DEFAULT 'A',
  `created_at` timestamp NULL DEFAULT NULL,
  `updated_at` timestamp NULL DEFAULT NULL,
  PRIMARY KEY (`id`)
) ENGINE=MyISAM DEFAULT CHARSET=utf8mb4 COLLATE=utf8mb4_unicode_ci AUTO_INCREMENT=1 ;

-- --------------------------------------------------------

--
-- Table structure for table `settings`
--

CREATE TABLE IF NOT EXISTS `settings` (
  `id` int(10) unsigned NOT NULL AUTO_INCREMENT,
  `key` varchar(191) COLLATE utf8mb4_unicode_ci NOT NULL,
  `name` varchar(191) COLLATE utf8mb4_unicode_ci NOT NULL,
  `description` varchar(191) COLLATE utf8mb4_unicode_ci DEFAULT NULL,
  `value` text COLLATE utf8mb4_unicode_ci,
  `field` text COLLATE utf8mb4_unicode_ci NOT NULL,
  `active` tinyint(4) NOT NULL,
  `created_at` timestamp NULL DEFAULT NULL,
  `updated_at` timestamp NULL DEFAULT NULL,
  PRIMARY KEY (`id`),
  UNIQUE KEY `settings_key_unique` (`key`)
) ENGINE=MyISAM DEFAULT CHARSET=utf8mb4 COLLATE=utf8mb4_unicode_ci AUTO_INCREMENT=1 ;

-- --------------------------------------------------------

--
-- Table structure for table `tickets`
--

CREATE TABLE IF NOT EXISTS `tickets` (
  `id` int(10) unsigned NOT NULL AUTO_INCREMENT,
  `winning_price` varchar(191) COLLATE utf8mb4_unicode_ci NOT NULL,
  `start_date` date NOT NULL,
  `end_date` date NOT NULL,
  `result_date` date NOT NULL,
  `credit_id` int(10) unsigned NOT NULL,
  `credit_amount` int(10) unsigned NOT NULL DEFAULT '1',
  `description` text COLLATE utf8mb4_unicode_ci,
  `status` varchar(191) COLLATE utf8mb4_unicode_ci DEFAULT NULL,
  `winner_declare` int(25) DEFAULT '0',
  `created_at` timestamp NULL DEFAULT NULL,
  `updated_at` timestamp NULL DEFAULT NULL,
  PRIMARY KEY (`id`),
  KEY `tickets_credit_id_foreign` (`credit_id`)
) ENGINE=MyISAM  DEFAULT CHARSET=utf8mb4 COLLATE=utf8mb4_unicode_ci AUTO_INCREMENT=32 ;

--
-- Dumping data for table `tickets`
--

INSERT INTO `tickets` (`id`, `winning_price`, `start_date`, `end_date`, `result_date`, `credit_id`, `credit_amount`, `description`, `status`, `winner_declare`, `created_at`, `updated_at`) VALUES
(13, 'Mobile worth Rs. 10000', '2018-06-01', '2018-07-01', '2018-07-05', 4, 10, 'Lorem Ipsum is simply dummy text of the printing and typesetting industry. Lorem Ipsum has been the industry''s standard dummy text ever since the 1500s, when an unknown printer took a galley of type and scrambled it to make a type specimen book. It has survived not only five centuries, but also the leap into electronic typesetting, remaining essentially unchanged. It was popularised in the 1960s with the release of Letraset sheets containing Lorem Ipsum passages, and more recently with desktop publishing software like Aldus PageMaker including versions of Lorem Ipsum.', 'A', 0, '2018-07-04 16:17:18', '2018-07-04 16:17:18'),
(31, 'new tn o ns oin', '2018-07-13', '2018-07-20', '2018-07-27', 6, 12, 'Lorem ipsum dolor sit amet, consectetur adipisicing elit, sed do eiusmod tempor incididunt ut labore et dolore magna aliqua. Ut enim ad minim veniam, quis nostrud exercitation ullamco laboris nisi ut aliquip ex ea commodo consequat. Duis aute irure dolor in reprehenderit in voluptate velit esse cillum dolore eu fugiat nulla pariatur. Excepteur sint occaecat cupidatat non proident, sunt in culpa qui officia deserunt mollit anim id est laborum.', 'A', 0, '2018-07-06 02:08:25', '2018-07-06 02:08:25'),
(30, '1st LED TV of 42inch, 2nd Laptop worth Rs 30000, 3rd Mobile worth Rs 20000 to 3 winner, 4th Mobile worth Rs 10000.', '2018-07-01', '2018-08-01', '2018-09-01', 9, 150, 'Lorem Ipsum is simply dummy text of the printing and typesetting industry. Lorem Ipsum has been the industry''s standard dummy text ever since the 1500s, when an unknown printer took a galley of type and scrambled it to make a type specimen book. It has survived not only five centuries, but also the leap into electronic typesetting, remaining essentially unchanged. It was popularised in the 1960s with the release of Letraset sheets containing Lorem Ipsum passages, and more recently with desktop publishing software like Aldus PageMaker including versions of Lorem Ipsum.', 'A', 0, '2018-07-05 15:48:39', '2018-07-05 15:48:39'),
(19, 'Mobile worth Rs. 20000', '2018-07-01', '2018-08-01', '2018-08-08', 5, 20, 'Lorem Ipsum is simply dummy text of the printing and typesetting industry. Lorem Ipsum has been the industry''s standard dummy text ever since the 1500s, when an unknown printer took a galley of type and scrambled it to make a type specimen book. It has survived not only five centuries, but also the leap into electronic typesetting, remaining essentially unchanged. It was popularised in the 1960s with the release of Letraset sheets containing Lorem Ipsum passages, and more recently with desktop publishing software like Aldus PageMaker including versions of Lorem Ipsum.', 'A', 0, '2018-07-04 18:04:57', '2018-07-04 18:04:57'),
(20, 'Laptop worth Rs. 30000', '2018-07-01', '2018-08-01', '2018-08-10', 6, 30, 'Lorem Ipsum is simply dummy text of the printing and typesetting industry. Lorem Ipsum has been the industry''s standard dummy text ever since the 1500s, when an unknown printer took a galley of type and scrambled it to make a type specimen book. It has survived not only five centuries, but also the leap into electronic typesetting, remaining essentially unchanged. It was popularised in the 1960s with the release of Letraset sheets containing Lorem Ipsum passages, and more recently with desktop publishing software like Aldus PageMaker including versions of Lorem Ipsum.', 'A', 1, '2018-07-04 18:06:27', '2018-07-06 11:47:27'),
(21, 'Mobile worth Rs 20000 to 2 Winner', '2018-07-01', '2018-08-01', '2018-08-11', 7, 40, 'Lorem Ipsum is simply dummy text of the printing and typesetting industry. Lorem Ipsum has been the industry''s standard dummy text ever since the 1500s, when an unknown printer took a galley of type and scrambled it to make a type specimen book. It has survived not only five centuries, but also the leap into electronic typesetting, remaining essentially unchanged. It was popularised in the 1960s with the release of Letraset sheets containing Lorem Ipsum passages, and more recently with desktop publishing software like Aldus PageMaker including versions of Lorem Ipsum.', 'A', 0, '2018-07-04 18:07:48', '2018-07-04 18:07:48'),
(22, '42inch LED TV', '2018-07-01', '2018-08-01', '2018-08-10', 8, 50, 'Lorem Ipsum is simply dummy text of the printing and typesetting industry. Lorem Ipsum has been the industry''s standard dummy text ever since the 1500s, when an unknown printer took a galley of type and scrambled it to make a type specimen book. It has survived not only five centuries, but also the leap into electronic typesetting, remaining essentially unchanged. It was popularised in the 1960s with the release of Letraset sheets containing Lorem Ipsum passages, and more recently with desktop publishing software like Aldus PageMaker including versions of Lorem Ipsum.', 'A', 1, '2018-07-04 18:08:53', '2018-07-06 11:49:30');

-- --------------------------------------------------------

--
-- Table structure for table `ticket_purchases`
--

CREATE TABLE IF NOT EXISTS `ticket_purchases` (
  `id` int(10) unsigned NOT NULL AUTO_INCREMENT,
  `ticket_type` int(11) NOT NULL COMMENT 'ticket id',
  `customer_id` int(11) NOT NULL,
  `agent_code` varchar(191) COLLATE utf8mb4_unicode_ci NOT NULL,
  `enrolled_number` varchar(191) COLLATE utf8mb4_unicode_ci DEFAULT NULL,
  `promo_code` varchar(191) COLLATE utf8mb4_unicode_ci DEFAULT NULL,
  `status` varchar(191) COLLATE utf8mb4_unicode_ci NOT NULL DEFAULT 'pending',
  `is_winner` int(23) NOT NULL DEFAULT '0',
  `created_at` timestamp NULL DEFAULT NULL,
  `updated_at` timestamp NULL DEFAULT NULL,
  PRIMARY KEY (`id`)
) ENGINE=MyISAM  DEFAULT CHARSET=utf8mb4 COLLATE=utf8mb4_unicode_ci AUTO_INCREMENT=39 ;

--
-- Dumping data for table `ticket_purchases`
--

INSERT INTO `ticket_purchases` (`id`, `ticket_type`, `customer_id`, `agent_code`, `enrolled_number`, `promo_code`, `status`, `is_winner`, `created_at`, `updated_at`) VALUES
(14, 1, 17, 'DC20180703042540', '20180703337118', NULL, 'a', 1, '2018-07-03 11:34:39', '2018-07-03 15:35:57'),
(15, 9, 17, 'DC20180703042540', '20180703797518', NULL, 'a', 1, '2018-07-03 11:34:46', '2018-07-04 00:04:52'),
(16, 2, 8, 'DC20180630053827', NULL, NULL, 'r', 0, '2018-07-03 21:30:13', '2018-07-03 21:31:11'),
(17, 7, 8, 'DC20180630053827', '2018070392829', NULL, 'a', 0, '2018-07-03 21:32:28', '2018-07-03 21:33:08'),
(18, 4, 8, 'DC20180630053827', NULL, NULL, 'r', 0, '2018-07-03 21:34:18', '2018-07-03 21:35:03'),
(19, 5, 8, 'DC20180630053827', '2018070332049', NULL, 'a', 0, '2018-07-03 21:34:24', '2018-07-03 21:35:01'),
(20, 6, 8, 'DC20180630053827', NULL, NULL, 'r', 0, '2018-07-03 22:16:35', '2018-07-03 22:17:06'),
(21, 12, 24, 'DC20180704085213', '201807041331825', NULL, 'a', 0, '2018-07-04 15:53:48', '2018-07-04 15:54:17'),
(22, 14, 24, 'DC20180704085213', '20180704950925', NULL, 'a', 0, '2018-07-04 17:47:30', '2018-07-04 17:47:53'),
(23, 13, 24, 'DC20180704085213', NULL, NULL, 'r', 0, '2018-07-04 17:53:07', '2018-07-04 17:53:38'),
(24, 13, 23, 'DC20180704083926', NULL, NULL, 'r', 0, '2018-07-05 12:18:15', '2018-07-05 12:19:58'),
(25, 19, 23, 'DC20180704083926', '201807051312622', NULL, 'a', 0, '2018-07-05 12:18:55', '2018-07-05 12:19:49'),
(26, 20, 23, 'DC20180704083926', '201807051522122', NULL, 'a', 0, '2018-07-05 13:13:17', '2018-07-05 13:16:21'),
(27, 21, 23, 'DC20180704083926', NULL, NULL, 'r', 0, '2018-07-05 13:17:23', '2018-07-05 13:17:33'),
(28, 22, 23, 'DC20180704083926', '2018070569322', NULL, 'a', 1, '2018-07-05 13:20:50', '2018-07-06 11:49:30'),
(29, 23, 23, 'DC20180704083926', '201807051166422', NULL, 'a', 0, '2018-07-05 13:24:38', '2018-07-05 13:24:49'),
(30, 24, 23, 'DC20180704083926', '201807051479622', NULL, 'a', 0, '2018-07-05 13:29:27', '2018-07-05 13:29:56'),
(31, 25, 23, 'DC20180704083926', '20180705224122', NULL, 'a', 0, '2018-07-05 13:31:29', '2018-07-05 13:31:43'),
(32, 26, 23, 'DC20180704083926', '20180705187222', NULL, 'a', 0, '2018-07-05 13:33:53', '2018-07-05 13:34:13'),
(33, 27, 23, 'DC20180704083926', '20180705315122', NULL, 'a', 0, '2018-07-05 13:38:58', '2018-07-05 13:39:18'),
(34, 28, 23, 'DC20180704083926', '20180705196722', NULL, 'a', 0, '2018-07-05 13:40:17', '2018-07-05 13:40:27'),
(35, 29, 23, 'DC20180704083926', '201807051410522', NULL, 'a', 0, '2018-07-05 13:43:54', '2018-07-05 13:43:59'),
(36, 13, 27, 'DC20180705080110', '201807051492228', NULL, 'a', 0, '2018-07-05 15:07:47', '2018-07-05 15:19:31'),
(37, 13, 2, 'DC20180704083926', NULL, NULL, 'r', 0, '2018-07-06 02:59:05', '2018-07-06 03:25:43'),
(38, 20, 27, 'DC20180705080110', '20180706750028', NULL, 'a', 1, '2018-07-06 11:37:49', '2018-07-06 11:47:27');

-- --------------------------------------------------------

--
-- Table structure for table `users`
--

CREATE TABLE IF NOT EXISTS `users` (
  `id` int(10) unsigned NOT NULL AUTO_INCREMENT,
  `name` varchar(191) COLLATE utf8mb4_unicode_ci NOT NULL,
  `email` varchar(191) COLLATE utf8mb4_unicode_ci DEFAULT NULL,
  `mobile` varchar(191) COLLATE utf8mb4_unicode_ci DEFAULT NULL,
  `password` varchar(191) COLLATE utf8mb4_unicode_ci NOT NULL,
  `referral_code` varchar(191) COLLATE utf8mb4_unicode_ci DEFAULT NULL,
  `user_type` varchar(191) COLLATE utf8mb4_unicode_ci NOT NULL DEFAULT 'c',
  `credits` int(11) NOT NULL DEFAULT '0',
  `status` varchar(191) COLLATE utf8mb4_unicode_ci NOT NULL DEFAULT 'I',
  `otp` varchar(191) COLLATE utf8mb4_unicode_ci DEFAULT NULL,
  `otp_varified` varchar(191) COLLATE utf8mb4_unicode_ci NOT NULL DEFAULT '0',
  `remember_token` varchar(100) COLLATE utf8mb4_unicode_ci DEFAULT NULL,
  `created_at` timestamp NULL DEFAULT NULL,
  `updated_at` timestamp NULL DEFAULT NULL,
  PRIMARY KEY (`id`),
  UNIQUE KEY `users_email_unique` (`email`),
  UNIQUE KEY `users_mobile_unique` (`mobile`)
) ENGINE=MyISAM  DEFAULT CHARSET=utf8mb4 COLLATE=utf8mb4_unicode_ci AUTO_INCREMENT=33 ;

--
-- Dumping data for table `users`
--

INSERT INTO `users` (`id`, `name`, `email`, `mobile`, `password`, `referral_code`, `user_type`, `credits`, `status`, `otp`, `otp_varified`, `remember_token`, `created_at`, `updated_at`) VALUES
(1, 'Hemant Kumar', 'test@gmail.com', '9998956595', '$2y$10$I0dtww50JFyIi2Bvv6LZvumwsxlYFl82aL.Dmi.DVVQbXAQH1ijH6', '2220180706132615592', 'a', 596601, 'A', NULL, '1', 'L3qdXZkuTKBgGvPtkORBwCJWpixVVUggtmWYBuWW9zyUKDwEJU0oVFkexMLn', '2018-06-24 00:24:00', '2018-07-03 00:41:26'),
(2, 'test', 'test12@gmail.com', '9998905474', '$2y$10$66hhrcvPxvprqVlmW.6fJOF6CHqOHvjfwOjDpWHOFdQbkis.uU8KS', NULL, 'c', 0, 'A', 'test', '1', NULL, '2018-06-24 01:02:46', '2018-07-03 14:07:11'),
(3, 'test', 'test121@gmail.com', '9998905476', '$2y$10$xNVtlxfVhS4Z1vtu0KVS5uCTCODCnHmsV2aifvVZ9EOLWsvIpbhHu', NULL, 'c', 0, 'I', 'test', '0', NULL, '2018-06-24 01:30:25', '2018-06-24 01:30:25'),
(23, 'Dhruv', 'dhruv1@gmail.com', '9409557691', '$2y$10$Oeo6oob2iJYe9zeR/rfkGOh1lvkEyUQEU60rItPQn/orapV33Cn7a', NULL, 'c', 0, 'A', 'test', '1', NULL, '2018-07-04 15:41:51', '2018-07-04 16:50:16'),
(22, 'Dhruv Agent', 'dhruv2@gmail.com', '9409557693', '$2y$10$R/sxEqfB3k7zSCUKO7zPCO6mzCXh8QHb0fzv4upC.BqKk9bm7U1Ce', 'DC20180704083926', 'a', 0, 'A', 'test', '1', NULL, '2018-07-04 15:39:26', '2018-07-04 15:39:31'),
(19, 'Vasu Hadvani', 'vasup9380@gmail.com', '9624596033', '$2y$10$ljwwWjiddvfPmMH5Jd1zneWWV2YTDBoRFsArfDY.9pSMOUWb9nizq', NULL, 'c', 0, 'A', 'test', '1', NULL, '2018-07-03 17:14:19', '2018-07-03 17:14:29'),
(7, 'testc', 'test12a1@gmail.com', '1234567899', '$2y$10$ECNFykO8iGVi8CVUkLczz.zvUaI1q0PZGwiqecn7Rji4uYrM/BguS', '0920180206262715333', 'a', 140, 'A', 'test', '1', NULL, '2018-06-27 03:46:29', '2018-06-27 09:26:09'),
(8, 'Dharmendra', 'dharam7002@gmail.com', '9099610948', '$2y$10$xS90ZDaBWMSZaqQ.wTaON.S9BJQlN4l6FGAldQNa7/08zvid9d3Wq', NULL, 'c', 0, 'A', 'test', '1', NULL, '2018-06-29 19:52:32', '2018-06-30 20:21:34'),
(9, 'Dharmendra Jamariya', 'dharm.tricks2@gmail.com', '9106112550', '$2y$10$hYmZtol1XIrpBJNg0aQ/ruR.cGzP48PTR7KRAwx6ADV1jhBVKJii2', 'DC20180630053827', 'a', 0, 'A', 'test', '1', NULL, '2018-06-30 12:38:27', '2018-07-03 12:48:49'),
(10, 'Dharmendra', 'dharam7hahha002@gmail.com', '9897969594', '$2y$10$BCuso1./0U2Kgs3LZIpa6.WqZBMsAcyiRHnDf6S0uE6XYHjW2r1Y2', NULL, 'c', 0, 'A', 'test', '1', NULL, '2018-06-30 20:28:33', '2018-06-30 20:28:37'),
(11, 'Dharam TEST', 'dharam70hajak02@gmail.com', '9495969798', '$2y$10$5C45L6ISc8bb6bJAkZZM5OhoJTJ3mTcl5H3gQOsC4DDH3sl4XimNu', 'DC20180630133014', 'a', 0, 'A', 'test', '1', NULL, '2018-06-30 20:30:14', '2018-06-30 20:30:18'),
(12, 'testc', NULL, '1234567888', '$2y$10$xUJgRk5gLoiYPmPfuEfVw.NX2IwDnjduRTl28oSPj.Be68nAeVxl6', 'DC20180701172807', 'a', 0, 'I', 'test', '0', NULL, '2018-07-02 00:28:07', '2018-07-02 00:28:07'),
(13, 'admin@gmail.com', 'admin@gmail.com', NULL, '$2y$10$jBi2kt.SuuS2EvwoBJEa4uA.0npPk.7lG58OKEbuzNlIDYTzgqfhS', NULL, 'c', 0, 'I', NULL, '0', 'w3x8pZeFdvJpriZ99aVwGMlZQMxvI3Y9hCyzAm5R66OCDr5vuBfgpcYRwAhL', '2018-07-02 01:38:33', '2018-07-02 01:38:33'),
(14, 'Vijay', 'vijayjoshi6275@gmail.com', '9033406275', '$2y$10$1rVrOezoKovXwszDUqwb8uBTmk3idySBWkLzF/g2iXhkg5PFGkfau', NULL, 'c', 0, 'A', 'test', '1', NULL, '2018-07-02 13:35:12', '2018-07-06 11:04:00'),
(15, 'Ronak', 'ronak.yadav14@gmail.com', '7567174303', '$2y$10$ps3u7fT76CVfmJteLtBAcO8eHDJxKyxepwCQLipXQ6H7ILWhEQEFm', NULL, 'c', 0, 'A', 'test', '1', NULL, '2018-07-02 13:40:46', '2018-07-02 23:17:20'),
(16, 'Priyan Joshi', 'vijayjoshi6888@gmail.com', '7016126076', '$2y$10$zp54rxut7dQZoV6NczAdHOrXV6AMWl/.LCF15Lc4IPFCPl5jBZ4dW', NULL, 'c', 0, 'A', 'test', '1', NULL, '2018-07-02 22:39:05', '2018-07-06 11:06:30'),
(24, 'User Dharam', NULL, '9099610941', '$2y$10$sTW8eGhYAFtJJ/9zAW7Qr.joHDj0S1JCQuTN1hKH4HIFd0Czx1Of.', NULL, 'c', 0, 'A', 'test', '1', NULL, '2018-07-04 15:49:52', '2018-07-04 15:49:57'),
(25, 'Agent Dharam', NULL, '9099610942', '$2y$10$9N/3ic53wAwGLSe6WZJkpeSrzzDMr9OUloBqrueHIqOAcm0itISva', 'DC20180704085213', 'a', 0, 'A', 'test', '1', NULL, '2018-07-04 15:52:13', '2018-07-04 15:52:18'),
(26, 'testc', NULL, '1234567891', '$2y$10$Wj3ezXd9qBmH0keg9NefpOgmcipiqkC4KK8C.FNJWYI9w56WqxC/6', 'DC20180704095459', 'a', 0, 'I', 'test', '0', NULL, '2018-07-04 16:54:59', '2018-07-04 16:54:59'),
(27, 'User1 D', NULL, '9099610949', '$2y$10$Vex1lw2WTVIYtb2FuPwsy.lGmDM.27JyXj9LGGFqpGTH9SjeSwD/G', NULL, 'c', 0, 'A', 'test', '1', NULL, '2018-07-05 14:57:40', '2018-07-05 14:57:45'),
(28, 'Agent1 D', NULL, '9099610947', '$2y$10$hEqlzzM5RvCaGHKsD8G5hO3N8jD6cK7ZWpda24kDp/xczSeJ1TwNG', 'DC20180705080110', 'a', 200, 'A', 'test', '1', NULL, '2018-07-05 15:01:10', '2018-07-06 11:36:35'),
(29, 'Dhruv', NULL, '9409557690', '$2y$10$wD3JN0oiKNrgVCIWu9c9muPVdm5nMfjCqze5m1s9g2xe4.QIna6py', NULL, 'c', 0, 'I', 'test', '0', NULL, '2018-07-05 15:34:38', '2018-07-05 15:34:38'),
(30, 'Geeta', 'kanjijoshi5222@gmail.com', '9033379209', '$2y$10$WgZSNry5xOPm2oL/fA8RB.yUu3oHKlYw3KQ2.buC6kuZXipMIEkvu', 'DC20180705165610', 'a', 0, 'A', 'test', '1', NULL, '2018-07-05 23:56:11', '2018-07-05 23:56:19'),
(31, 'Dhruv1', NULL, '9409557694', '$2y$10$GyXRvZ0.GHWjx8aLF0o8QeG2xlExdCA2n7dCAwmTYskAvQdV44qXK', NULL, 'c', 0, 'A', 'test', '1', NULL, '2018-07-06 12:15:07', '2018-07-06 12:15:12'),
(32, 'testcd', 'test12adw1@gmail.com', '1235667888', '$2y$10$RdsdhUXCqxu7q6Z7rMmH2eDoe.YWHkt74nX9I8ikgbwY1SO0HnOnm', 'DC20180706192212', 'a', 0, 'I', 'test', '0', NULL, '2018-07-07 02:22:13', '2018-07-07 02:22:13');

-- --------------------------------------------------------

--
-- Table structure for table `user_profile`
--

CREATE TABLE IF NOT EXISTS `user_profile` (
  `id` int(10) unsigned NOT NULL AUTO_INCREMENT,
  `user_id` int(10) unsigned NOT NULL,
  `profile_pic` text COLLATE utf8mb4_unicode_ci,
  `dob` date DEFAULT NULL,
  `gender` varchar(191) COLLATE utf8mb4_unicode_ci DEFAULT NULL,
  `city` text COLLATE utf8mb4_unicode_ci,
  `state` text COLLATE utf8mb4_unicode_ci,
  `area` text COLLATE utf8mb4_unicode_ci,
  `address` text COLLATE utf8mb4_unicode_ci,
  `created_at` timestamp NULL DEFAULT NULL,
  `updated_at` timestamp NULL DEFAULT NULL,
  PRIMARY KEY (`id`),
  KEY `user_profile_user_id_foreign` (`user_id`)
) ENGINE=MyISAM  DEFAULT CHARSET=utf8mb4 COLLATE=utf8mb4_unicode_ci AUTO_INCREMENT=39 ;

--
-- Dumping data for table `user_profile`
--

INSERT INTO `user_profile` (`id`, `user_id`, `profile_pic`, `dob`, `gender`, `city`, `state`, `area`, `address`, `created_at`, `updated_at`) VALUES
(1, 2, 'thumb_1529824064.jpg', '2017-11-27', 'm', 'ahmedabad', 'gujarat', 'Satellite', 'F-23, Aroy Villa', '2018-06-24 14:07:44', '2018-06-24 14:07:44'),
(2, 6, 'thumb_1529995747.jpg', '2017-11-27', 'm', 'ahmedabad', 'gujarat', 'Satellite', 'F-23, Aroy Villa', '2018-06-26 13:49:08', '2018-06-26 13:49:08'),
(3, 6, 'thumb_1530007546.jpg', '2017-11-27', 'm', 'ahmedabad', 'gujarat', 'Satellite', 'F-23, Aroy Villa', '2018-06-26 17:05:46', '2018-06-26 17:05:46'),
(4, 6, 'thumb_1530010842.jpg', '2017-09-09', 'M', 'Bsjsksbssb', 'Hsjsjsj', 'Svsjsjbsbd', 'hsjsksk', '2018-06-26 18:00:43', '2018-06-26 18:00:43'),
(5, 6, 'thumb_1530011086.jpg', '2017-11-27', 'm', 'ahmedabad', 'gujarat', 'Satellite', 'F-23, Aroy Villa', '2018-06-26 18:04:46', '2018-06-26 18:04:46'),
(6, 6, 'thumb_1530012066.jpg', '2027-09-09', 'M', 'Gandhinagar', 'Gujarat', 'Collage road', 'GH 5 circle gandhinagar', '2018-06-26 18:21:06', '2018-06-26 18:21:06'),
(7, 2, 'thumb_1530038588.jpg', '2017-11-27', 'm', 'ahmedabad', 'gujarat', 'Satellite', 'F-23, Aroy Villa', '2018-06-27 01:43:08', '2018-06-27 01:43:08'),
(8, 6, 'thumb_1530075360.jpg', '2027-09-09', 'M', 'Xxxx', 'Xxxx', 'Xxxx', 'xxxxxxxxxxxx', '2018-06-27 11:56:00', '2018-06-27 11:56:00'),
(9, 6, 'thumb_1530075712.jpg', '2027-09-09', 'M', 'Xyz', 'Xyz', 'Xyz', 'xyz', '2018-06-27 12:01:52', '2018-06-27 12:01:52'),
(10, 5, 'thumb_1530077576.jpg', '1992-09-09', 'M', 'Cccxxxf', 'Vhhbbb', 'Xxxxx', 'cjcjcjc', '2018-06-27 12:32:56', '2018-06-27 12:32:56'),
(11, 6, 'thumb_1530355670.jpg', '1992-05-27', 'M', 'Gandhinagar', 'Gujarat', 'Gandhinagar', 'sector 11', '2018-06-30 17:47:50', '2018-06-30 17:47:50'),
(12, 6, 'thumb_1530355905.jpg', '1992-05-27', 'M', 'Gandhinagar', 'Gujarat', 'College road', 'sector 11', '2018-06-30 17:51:46', '2018-06-30 17:51:46'),
(13, 6, 'thumb_1530356047.jpg', '1992-05-27', 'm', 'Gandhinagar', 'gujarat', 'sector 11', 'Pathikashram', '2018-06-30 17:54:07', '2018-06-30 17:54:07'),
(14, 6, 'thumb_1530365770.jpg', '2018-06-30', 'M', 'Xxxx', 'Xxxx', 'Xxx', 'xxxx', '2018-06-30 20:36:10', '2018-06-30 20:36:10'),
(15, 6, 'thumb_1530365856.jpg', '2018-06-30', 'M', 'Xxxx', 'Xxx', 'Xxx', 'xxx', '2018-06-30 20:37:36', '2018-06-30 20:37:36'),
(16, 6, NULL, '2018-06-30', 'M', 'Xxx', 'Xxx', 'Xxx', 'xxx', '2018-06-30 22:49:09', '2018-06-30 22:49:09'),
(17, 6, NULL, '2018-07-01', 'M', 'Xxx', 'Xxx', 'Xxx', 'xxx', '2018-07-01 13:41:36', '2018-07-01 13:41:36'),
(18, 6, NULL, '2018-07-13', 'M', 'Xxx', 'Xxx', 'Xxx', 'xxx', '2018-07-01 13:45:15', '2018-07-01 13:45:15'),
(19, 6, NULL, '2018-07-28', 'M', 'Xxxx', 'Xxx', 'Zzz', 'xxx', '2018-07-01 13:51:11', '2018-07-01 13:51:11'),
(20, 18, NULL, '2018-07-03', 'M', 'Xxx', 'Xxx', 'Xxx', 'xxx', '2018-07-03 11:26:19', '2018-07-03 11:26:19'),
(21, 17, 'thumb_1530683149.jpg', '2018-07-04', 'M', 'Xxxx', 'Xxxx', 'Xxxx', 'xxxx', '2018-07-04 12:45:49', '2018-07-04 12:45:49'),
(22, 17, 'thumb_1530683650.jpg', '2018-07-04', 'M', 'Xxx', 'Xxx', 'Xxx', 'xxx', '2018-07-04 12:54:10', '2018-07-04 12:54:10'),
(23, 17, 'thumb_1530683830.jpg', '2018-07-04', 'M', 'Xxx', 'Xxx', 'Xxx', 'xxx', '2018-07-04 12:57:10', '2018-07-04 12:57:10'),
(24, 17, 'thumb_1530683988.jpg', '2018-07-04', 'M', 'Xxx', 'Xxx', 'Xxx', 'xxx', '2018-07-04 12:59:48', '2018-07-04 12:59:48'),
(25, 17, 'thumb_1530684151.jpg', '2018-07-04', 'M', 'Xxx', 'Xxx', 'Xxx', 'xxx', '2018-07-04 13:02:31', '2018-07-04 13:02:31'),
(26, 17, 'thumb_1530684958.jpg', '2018-07-04', 'M', 'Xxxx', 'Xxxx', 'Xxx', 'xxx', '2018-07-04 13:15:58', '2018-07-04 13:15:58'),
(27, 17, 'thumb_1530685538.jpg', '2018-07-04', 'M', 'Xxx', 'Xxx', 'Xxx', 'xxx', '2018-07-04 13:25:38', '2018-07-04 13:25:38'),
(28, 18, NULL, '2018-07-01', 'M', 'Xxx', 'Xxx', 'Xxx', 'xxxx', '2018-07-04 14:14:38', '2018-07-04 14:14:38'),
(29, 21, NULL, '2018-04-18', 'M', 'Xxx', 'Xxx', 'Xxx', 'xxx', '2018-07-04 15:24:00', '2018-07-04 15:24:00'),
(30, 21, NULL, '2018-07-08', 'M', 'Xxx', 'Xxxx', 'Xxx', 'xxxx', '2018-07-04 15:33:41', '2018-07-04 15:33:41'),
(31, 21, NULL, '2018-07-04', 'M', 'Ccc', 'Ccc', 'Cccc', 'ccc', '2018-07-04 15:35:06', '2018-07-04 15:35:06'),
(32, 21, NULL, '2018-07-04', 'M', 'Xxx', 'Zz', 'Cxxx', 'xxxx', '2018-07-04 15:37:14', '2018-07-04 15:37:14'),
(33, 22, NULL, '2018-07-04', 'M', 'Xxx', 'Xxxx', 'Xxxx', 'xxxx', '2018-07-04 15:39:51', '2018-07-04 15:39:51'),
(34, 25, NULL, '2018-07-04', 'M', 'Ahmedabad', 'Gujarat', 'Chandkheda', 'Asdfasdf', '2018-07-04 15:52:55', '2018-07-04 15:52:55'),
(35, 23, NULL, '2018-07-04', 'M', 'Xxx', 'Xxx', 'Xxx', 'xxx', '2018-07-04 16:49:49', '2018-07-04 16:49:49'),
(36, 16, NULL, '2013-10-10', 'M', 'RANAVAV', 'Gujrat', 'RANAVAV', 'jdjdkfkf', '2018-07-05 12:12:23', '2018-07-05 12:12:23'),
(37, 28, NULL, '2018-07-05', 'M', 'Ahmedabad', 'Gujarat', 'Chandkheda', 'Gajajka', '2018-07-05 15:01:45', '2018-07-05 15:01:45'),
(38, 30, NULL, '1987-01-15', 'M', 'RANAVAV', 'Gujrat', 'RANAVAV', 'kdkflf', '2018-07-05 23:57:05', '2018-07-05 23:57:05');

-- --------------------------------------------------------

--
-- Table structure for table `user_referral`
--

CREATE TABLE IF NOT EXISTS `user_referral` (
  `id` int(10) unsigned NOT NULL AUTO_INCREMENT,
  `agent_id` int(11) NOT NULL,
  `customer_id` int(11) NOT NULL,
  `created_at` timestamp NULL DEFAULT NULL,
  `updated_at` timestamp NULL DEFAULT NULL,
  PRIMARY KEY (`id`)
) ENGINE=MyISAM DEFAULT CHARSET=utf8mb4 COLLATE=utf8mb4_unicode_ci AUTO_INCREMENT=1 ;

/*!40101 SET CHARACTER_SET_CLIENT=@OLD_CHARACTER_SET_CLIENT */;
/*!40101 SET CHARACTER_SET_RESULTS=@OLD_CHARACTER_SET_RESULTS */;
/*!40101 SET COLLATION_CONNECTION=@OLD_COLLATION_CONNECTION */;
